price_no,listing_id,price,weekly_price,monthly_price,security_deposit,cleaning_fee,guests_included,extra_people,minimum_nights,maximum_nights
1,241032,$85.00 ,,,,,2,$5.00 ,1,365
2,953595,$150.00 ,"$1,000.00 ","$3,000.00 ",$100.00 ,$40.00 ,1,$0.00 ,2,90
3,3308979,$975.00 ,,,"$1,000.00 ",$300.00 ,10,$25.00 ,4,30
4,7421966,$100.00 ,$650.00 ,"$2,300.00 ",,,1,$0.00 ,1,1125
5,278830,$450.00 ,,,$700.00 ,$125.00 ,6,$15.00 ,1,1125
6,5956968,$120.00 ,$800.00 ,,,$40.00 ,1,$30.00 ,1,6
7,1909058,$80.00 ,$575.00 ,,$150.00 ,,1,$10.00 ,3,14
8,856550,$60.00 ,$360.00 ,,$150.00 ,$25.00 ,1,$0.00 ,2,7
9,4948745,$90.00 ,$500.00 ,"$1,700.00 ",,,1,$0.00 ,3,1125
10,2493658,$150.00 ,"$1,000.00 ","$3,000.00 ",$100.00 ,$40.00 ,1,$0.00 ,2,365
11,175576,$95.00 ,$595.00 ,,,$15.00 ,2,$15.00 ,3,7
12,4454295,$99.00 ,$800.00 ,"$2,000.00 ",$500.00 ,$150.00 ,1,$0.00 ,3,1125
13,3883392,$245.00 ,"$1,575.00 ","$5,800.00 ",$300.00 ,$95.00 ,1,$0.00 ,3,14
14,8889257,$165.00 ,,"$5,000.00 ",$400.00 ,$85.00 ,4,$20.00 ,2,1125
15,5680462,$461.00 ,,,"$1,500.00 ",$300.00 ,8,$50.00 ,3,29
16,8988178,$109.00 ,,,,$89.00 ,1,$0.00 ,3,15
17,3245876,$66.00 ,,,$100.00 ,$35.00 ,1,$25.00 ,1,10
18,4933447,$99.00 ,,,$100.00 ,$15.00 ,1,$0.00 ,2,14
19,7735464,$200.00 ,,,,,1,$0.00 ,1,1125
20,6291829,$700.00 ,"$4,100.00 ",,$500.00 ,$250.00 ,1,$0.00 ,3,30
21,9218403,$110.00 ,$750.00 ,"$2,500.00 ",,,1,$0.00 ,1,1125
22,4125779,$99.00 ,$568.00 ,"$2,029.00 ",,$15.00 ,1,$10.00 ,1,1125
23,8942678,$450.00 ,"$3,000.00 ",,,,1,$0.00 ,4,1125
24,10106055,$75.00 ,$350.00 ,,,,1,$0.00 ,1,1125
25,6362362,$600.00 ,,,$500.00 ,$150.00 ,1,$0.00 ,3,1125
26,3544550,$450.00 ,,,$500.00 ,$200.00 ,6,$50.00 ,4,1125
27,9025039,$150.00 ,,,$250.00 ,$35.00 ,1,$0.00 ,1,1125
28,3200646,$45.00 ,$360.00 ,,$150.00 ,$25.00 ,1,$0.00 ,2,7
29,8859380,$300.00 ,,,$500.00 ,$125.00 ,1,$0.00 ,2,1125
30,4520099,$80.00 ,$500.00 ,,,$65.00 ,3,$50.00 ,2,1125
31,2481869,$175.00 ,"$1,000.00 ","$3,200.00 ",,$40.00 ,1,$0.00 ,2,365
32,1110749,$325.00 ,,,$500.00 ,$100.00 ,6,$60.00 ,2,1125
33,5978498,$175.00 ,$699.00 ,"$2,388.00 ",$200.00 ,$80.00 ,1,$0.00 ,4,120
34,5021081,$222.00 ,"$1,325.00 ","$4,650.00 ",$500.00 ,$250.00 ,7,$75.00 ,2,1125
35,1686930,$159.00 ,,,$250.00 ,$99.00 ,1,$0.00 ,1,1125
36,7680289,$125.00 ,$800.00 ,"$2,700.00 ",,$50.00 ,2,$25.00 ,2,365
37,7207641,$348.00 ,"$2,500.00 ",,$750.00 ,$150.00 ,6,$20.00 ,3,1125
38,5062445,$45.00 ,$450.00 ,"$1,500.00 ",,,1,$0.00 ,1,1125
39,8925878,$150.00 ,$950.00 ,"$2,950.00 ",,$50.00 ,2,$25.00 ,2,365
40,6389657,$80.00 ,,,,$20.00 ,1,$0.00 ,3,1125
41,4218733,$110.00 ,,,$100.00 ,$40.00 ,2,$15.00 ,2,1125
42,2715623,$148.00 ,,,,$100.00 ,2,$20.00 ,3,365
43,1392332,$350.00 ,"$2,100.00 ",,$500.00 ,$100.00 ,4,$0.00 ,2,30
44,7308567,$150.00 ,,,,$50.00 ,1,$0.00 ,2,1125
45,6575380,$150.00 ,$540.00 ,"$1,911.00 ",,,1,$0.00 ,1,1125
46,6004058,$100.00 ,,,,,1,$0.00 ,1,1125
47,9550869,$349.00 ,,,,$200.00 ,1,$0.00 ,1,1125
48,8515408,$110.00 ,$700.00 ,,,$50.00 ,1,$0.00 ,2,1125
49,5383192,$160.00 ,"$1,140.00 ",,$100.00 ,$55.00 ,2,$25.00 ,2,1125
50,1112092,$130.00 ,"$1,000.00 ","$2,700.00 ",$140.00 ,$75.00 ,2,$25.00 ,3,1125
51,7772661,$99.00 ,,,,$50.00 ,2,$50.00 ,1,1125
52,9254900,$100.00 ,,"$2,000.00 ",,$40.00 ,1,$0.00 ,1,1125
53,7714294,$137.00 ,$815.00 ,,,$20.00 ,2,$20.00 ,2,1125
54,10310373,$20.00 ,,,,,1,$0.00 ,1,1125
55,9368342,$150.00 ,,,$500.00 ,$50.00 ,2,$30.00 ,4,1125
56,6361863,$145.00 ,,,$100.00 ,$30.00 ,2,$10.00 ,2,1125
57,8105221,$80.00 ,,,,,1,$0.00 ,1,1125
58,3269390,$95.00 ,,,$200.00 ,$60.00 ,1,$0.00 ,3,1125
59,4566393,$400.00 ,"$2,100.00 ","$7,500.00 ",$750.00 ,$120.00 ,4,$20.00 ,2,1125
60,9282409,$85.00 ,$450.00 ,,,,1,$0.00 ,2,1125
61,8095168,$70.00 ,,,,$20.00 ,1,$0.00 ,1,1125
62,2746782,$90.00 ,$540.00 ,,$150.00 ,$25.00 ,1,$0.00 ,2,14
63,6424982,$80.00 ,,,,,2,$15.00 ,1,6
64,762029,$60.00 ,$360.00 ,,$150.00 ,$25.00 ,2,$0.00 ,2,7
65,8988281,$175.00 ,,,$250.00 ,$78.00 ,4,$50.00 ,1,15
66,7077910,$170.00 ,"$1,195.00 ","$3,195.00 ",$250.00 ,$100.00 ,6,$100.00 ,4,1125
67,3772674,$85.00 ,$650.00 ,,,$50.00 ,2,$20.00 ,3,1125
68,7021906,$465.00 ,"$3,035.00 ","$12,140.00 ","$1,000.00 ",$250.00 ,1,$0.00 ,3,1125
69,7618605,$175.00 ,,,$250.00 ,$50.00 ,1,$0.00 ,1,1125
70,10234558,$50.00 ,,,,,0,$0.00 ,1,1125
71,7021702,$60.00 ,,,,,1,$0.00 ,1,1125
72,7680439,$59.00 ,$351.00 ,,,$12.00 ,1,$0.00 ,1,1125
73,4258515,$47.00 ,,,$200.00 ,$15.00 ,2,$10.00 ,1,1125
74,1148517,$145.00 ,,,$100.00 ,$45.00 ,4,$30.00 ,2,14
75,2487892,$70.00 ,,,,,1,$0.00 ,1,1125
76,3038772,$55.00 ,,,$100.00 ,$25.00 ,1,$10.00 ,2,1125
77,699460,$95.00 ,,"$2,000.00 ",,$30.00 ,2,$35.00 ,2,90
78,4085439,$125.00 ,,,,,1,$0.00 ,1,1125
79,8053990,$65.00 ,,,,$45.00 ,1,$0.00 ,1,26
80,7011773,$25.00 ,,,,,1,$0.00 ,1,1125
81,2467550,$40.00 ,$250.00 ,$800.00 ,$500.00 ,$50.00 ,2,$10.00 ,5,1125
82,2686374,$149.00 ,"$1,300.00 ","$3,950.00 ",,,4,$20.00 ,1,1125
83,1956274,$125.00 ,$900.00 ,"$3,750.00 ",$250.00 ,$75.00 ,0,$0.00 ,3,1125
84,8537192,$55.00 ,,,,,1,$0.00 ,1,1125
85,5919096,$129.00 ,$903.00 ,,$250.00 ,$75.00 ,1,$0.00 ,5,999
86,6516529,$100.00 ,$650.00 ,"$2,000.00 ",,,1,$0.00 ,1,1125
87,3294243,$150.00 ,$950.00 ,,,,1,$0.00 ,2,1125
88,10210971,$50.00 ,,,$500.00 ,$10.00 ,1,$20.00 ,1,1125
89,3584790,$99.00 ,$599.00 ,,$200.00 ,,4,$0.00 ,5,15
90,1266459,$150.00 ,,,,$60.00 ,2,$50.00 ,2,1125
91,9098059,$105.00 ,,,,,1,$0.00 ,2,1125
92,408526,$218.00 ,"$1,221.00 ","$4,200.00 ",$750.00 ,$300.00 ,4,$15.00 ,14,60
93,4118282,$80.00 ,,,$200.00 ,$75.00 ,1,$0.00 ,1,7
94,6813483,$126.00 ,$945.00 ,"$3,970.00 ",$300.00 ,$95.00 ,2,$25.00 ,2,1125
95,6590264,$115.00 ,$750.00 ,,$500.00 ,$50.00 ,2,$50.00 ,1,1125
96,2650482,$225.00 ,,,,$75.00 ,1,$0.00 ,2,10
97,20927,$89.00 ,$549.00 ,,,$10.00 ,2,$0.00 ,2,14
98,4395578,$225.00 ,,,,$264.00 ,1,$0.00 ,3,1125
99,4995903,$50.00 ,$250.00 ,$850.00 ,,,1,$0.00 ,1,1125
100,5549211,$134.00 ,$910.00 ,"$3,402.00 ",$200.00 ,$100.00 ,1,$0.00 ,3,45
101,8240758,$75.00 ,$500.00 ,,,$100.00 ,1,$0.00 ,3,1125
102,6856295,$65.00 ,$555.00 ,"$1,850.00 ",,,2,$15.00 ,1,1125
103,6881188,$375.00 ,"$1,800.00 ",,$300.00 ,$100.00 ,1,$0.00 ,1,1125
104,1579615,$97.00 ,$590.00 ,"$1,795.00 ",$100.00 ,$45.00 ,2,$10.00 ,2,1125
105,3766866,$145.00 ,$900.00 ,"$2,250.00 ",$150.00 ,$45.00 ,2,$25.00 ,2,35
106,2406966,$129.00 ,$903.00 ,,$250.00 ,$75.00 ,1,$0.00 ,5,1125
107,4872699,$197.00 ,"$1,172.00 ",,,$180.00 ,1,$0.00 ,4,29
108,5470629,$120.00 ,,,$350.00 ,$60.00 ,2,$20.00 ,2,28
109,2950213,$200.00 ,"$1,500.00 ","$5,500.00 ",$150.00 ,,4,$100.00 ,2,90
110,9015088,$135.00 ,,,$100.00 ,$50.00 ,4,$15.00 ,1,1125
111,3979496,$70.00 ,$450.00 ,"$1,800.00 ",$250.00 ,,2,$0.00 ,1,1125
112,7501919,$150.00 ,,,$250.00 ,$30.00 ,1,$0.00 ,2,1125
113,4732995,$200.00 ,,,,$50.00 ,1,$0.00 ,2,1125
114,7134759,$60.00 ,,,,$55.00 ,1,$0.00 ,1,26
115,4532538,$180.00 ,,,,$150.00 ,1,$0.00 ,5,1125
116,7534398,$69.00 ,$350.00 ,"$1,250.00 ",,,2,$15.00 ,1,1125
117,9387189,$90.00 ,,,,$25.00 ,2,$15.00 ,1,1125
118,6337492,$80.00 ,$665.00 ,,,,2,$0.00 ,1,1125
119,10231701,$65.00 ,,,,$25.00 ,1,$0.00 ,1,1125
120,1609922,$150.00 ,,,$100.00 ,$90.00 ,2,$10.00 ,4,1125
121,4236723,$195.00 ,"$1,200.00 ","$4,950.00 ",,,4,$20.00 ,1,1125
122,7843837,$149.00 ,,,,,1,$0.00 ,1,7
123,3076065,$224.00 ,,,$600.00 ,$120.00 ,1,$0.00 ,3,1125
124,6423204,$115.00 ,,,$200.00 ,$40.00 ,2,$10.00 ,3,1125
125,8338849,$55.00 ,,,,,1,$0.00 ,1,1125
126,6401209,$338.00 ,"$2,100.00 ","$7,000.00 ",$500.00 ,$200.00 ,6,$0.00 ,3,1125
127,20928,$79.00 ,$499.00 ,,,$10.00 ,1,$0.00 ,2,14
128,3344977,$80.00 ,$500.00 ,"$2,000.00 ",$100.00 ,$15.00 ,1,$0.00 ,1,31
129,7604621,$85.00 ,$525.00 ,,$200.00 ,$35.00 ,1,$0.00 ,2,1125
130,3303978,$80.00 ,$530.00 ,"$1,600.00 ",,$25.00 ,2,$20.00 ,2,100
131,7067082,$49.00 ,,,,$7.00 ,1,$0.00 ,1,1125
132,3121829,$100.00 ,$650.00 ,,$300.00 ,$85.00 ,1,$0.00 ,1,1125
133,2539881,$79.00 ,,,,,1,$0.00 ,1,1125
134,3678718,$75.00 ,$540.00 ,"$1,900.00 ",$250.00 ,$50.00 ,2,$20.00 ,2,14
135,4694479,$57.00 ,$550.00 ,"$2,000.00 ",$100.00 ,$15.00 ,0,$0.00 ,2,28
136,6646843,$99.00 ,,,,$45.00 ,2,$10.00 ,2,1125
137,1364440,$55.00 ,$274.00 ,,,,1,$0.00 ,2,10
138,1781873,$96.00 ,$559.00 ,"$1,974.00 ",,,2,$20.00 ,2,14
139,4138423,$99.00 ,,,$100.00 ,$30.00 ,2,$10.00 ,1,1125
140,5562674,$79.00 ,,,,$35.00 ,1,$0.00 ,1,1125
141,1789341,$115.00 ,$650.00 ,"$1,899.00 ",$200.00 ,$85.00 ,2,$100.00 ,3,365
142,4672934,$350.00 ,"$1,500.00 ",,$500.00 ,$125.00 ,6,$25.00 ,1,1125
143,4550099,$295.00 ,,,$300.00 ,$131.00 ,5,$50.00 ,2,7
144,1198799,$70.00 ,$420.00 ,"$1,300.00 ",$100.00 ,$20.00 ,0,$0.00 ,2,1125
145,5308429,$53.00 ,$400.00 ,"$1,500.00 ",,,1,$0.00 ,14,1125
146,2769088,$110.00 ,$550.00 ,,$100.00 ,,1,$0.00 ,2,14
147,7603135,$225.00 ,"$1,100.00 ",,,$45.00 ,1,$0.00 ,1,1125
148,9374365,$35.00 ,,,$100.00 ,$7.00 ,2,$10.00 ,1,1125
149,6106498,$55.00 ,$390.00 ,,,$15.00 ,1,$10.00 ,1,1125
150,9331449,$45.00 ,,,$100.00 ,$8.00 ,2,$10.00 ,1,1125
151,8799162,$79.00 ,,,,,1,$0.00 ,1,7
152,4317390,$133.00 ,,,$350.00 ,$50.00 ,4,$15.00 ,2,1125
153,3884851,$65.00 ,,,,$5.00 ,1,$0.00 ,2,1125
154,3155785,$61.00 ,$244.00 ,,,$15.00 ,1,$0.00 ,1,1125
155,9368517,$200.00 ,"$1,200.00 ",,$200.00 ,$60.00 ,1,$0.00 ,4,7
156,5643240,$70.00 ,$400.00 ,"$1,100.00 ",$250.00 ,$50.00 ,1,$0.00 ,5,1125
157,5042014,$52.00 ,$300.00 ,"$1,100.00 ",,$20.00 ,1,$0.00 ,30,90
158,7724630,$50.00 ,$400.00 ,,,,1,$15.00 ,1,1125
159,9449437,$275.00 ,,,$500.00 ,$50.00 ,8,$10.00 ,1,1125
160,3053237,$149.00 ,"$1,065.00 ","$3,759.00 ",$100.00 ,$50.00 ,1,$0.00 ,2,1125
161,8132347,$199.00 ,"$1,250.00 ","$4,500.00 ",$150.00 ,$85.00 ,5,$10.00 ,1,1125
162,63733,$89.00 ,,,,,2,$0.00 ,2,14
163,2039149,$225.00 ,,,$300.00 ,$100.00 ,8,$40.00 ,1,90
164,227636,$120.00 ,$698.00 ,"$2,552.00 ",$200.00 ,$55.00 ,2,$10.00 ,2,120
165,3689119,$85.00 ,,,,$30.00 ,1,$0.00 ,2,1125
166,1179538,$80.00 ,,,$200.00 ,$15.00 ,4,$10.00 ,1,1125
167,6823781,$89.00 ,$536.00 ,"$1,875.00 ",,$55.00 ,2,$10.00 ,2,1125
168,2284536,$99.00 ,,,$100.00 ,$30.00 ,2,$10.00 ,2,1125
169,5143441,$110.00 ,,,$95.00 ,$35.00 ,2,$25.00 ,1,16
170,5749958,$180.00 ,"$1,260.00 ",,$250.00 ,$80.00 ,4,$30.00 ,3,1125
171,9116815,$150.00 ,,,,,1,$0.00 ,2,1125
172,7731836,$70.00 ,,,,,1,$0.00 ,1,1125
173,10262971,$70.00 ,,,,,1,$0.00 ,1,1125
174,1407502,$75.00 ,$490.00 ,,$100.00 ,$25.00 ,1,$0.00 ,4,1125
175,8817038,$85.00 ,$488.00 ,"$1,899.00 ",$100.00 ,,4,$10.00 ,2,45
176,4449303,$80.00 ,$650.00 ,"$2,300.00 ",$250.00 ,$25.00 ,1,$25.00 ,1,1125
177,8255615,$90.00 ,$600.00 ,"$2,000.00 ",,$20.00 ,1,$0.00 ,3,30
178,4053092,$80.00 ,,,,,1,$0.00 ,1,1125
179,6886633,$75.00 ,$525.00 ,,$200.00 ,,1,$10.00 ,1,7
180,8820414,$80.00 ,,,,,1,$0.00 ,1,1125
181,3052151,$70.00 ,$400.00 ,,$100.00 ,,1,$0.00 ,2,14
182,2339333,$350.00 ,"$1,950.00 ","$6,900.00 ","$1,000.00 ",$200.00 ,1,$0.00 ,3,1125
183,1618842,$95.00 ,$625.00 ,"$2,000.00 ",,$40.00 ,2,$20.00 ,2,30
184,888967,$90.00 ,,,,,1,$0.00 ,1,1125
185,380950,$435.00 ,"$2,900.00 ",,$500.00 ,$200.00 ,9,$20.00 ,2,1125
186,8097708,$250.00 ,,,,$185.00 ,1,$0.00 ,2,1125
187,5671843,$65.00 ,$440.00 ,"$1,450.00 ",,$20.00 ,1,$0.00 ,14,90
188,904057,$95.00 ,,,$100.00 ,,2,$10.00 ,3,60
189,7161725,$110.00 ,,,,$50.00 ,2,$25.00 ,2,10
190,9587410,$50.00 ,,,,$10.00 ,1,$0.00 ,1,1125
191,9202380,$95.00 ,$500.00 ,"$1,750.00 ",$200.00 ,$20.00 ,2,$0.00 ,1,1125
192,2238105,$100.00 ,$575.00 ,"$1,800.00 ",,$30.00 ,1,$0.00 ,4,15
193,9545766,$89.00 ,,,,,1,$0.00 ,1,1125
194,2441908,$116.00 ,$690.00 ,"$3,450.00 ",,$60.00 ,4,$10.00 ,2,1125
195,9367465,$150.00 ,$950.00 ,"$2,200.00 ",$100.00 ,$50.00 ,2,$10.00 ,2,1125
196,3031415,$275.00 ,,,$250.00 ,$100.00 ,8,$40.00 ,1,1125
197,843812,$180.00 ,,,,,1,$0.00 ,3,21
198,3835995,$97.00 ,$582.00 ,"$1,900.00 ",,,1,$0.00 ,1,1125
199,9732638,$200.00 ,"$1,200.00 ","$3,500.00 ",$200.00 ,$50.00 ,4,$25.00 ,2,1125
200,3768745,$120.00 ,,,,,1,$0.00 ,2,28
201,3975434,$109.00 ,$595.00 ,"$1,950.00 ",,,2,$50.00 ,2,1125
202,5620928,$115.00 ,$805.00 ,,$100.00 ,$20.00 ,1,$0.00 ,2,1125
203,7381677,$199.00 ,"$1,200.00 ","$3,800.00 ",,$80.00 ,2,$35.00 ,2,1125
204,5487934,$150.00 ,,,$95.00 ,,1,$0.00 ,1,1125
205,9028447,$100.00 ,,,,,1,$0.00 ,1,1125
206,757840,$250.00 ,,,$500.00 ,$100.00 ,1,$0.00 ,2,14
207,8848403,$39.00 ,$232.00 ,$819.00 ,,,1,$0.00 ,1,1125
208,7430926,$69.00 ,,,$150.00 ,$55.00 ,3,$30.00 ,2,13
209,7021544,$145.00 ,$715.00 ,"$2,205.00 ",$350.00 ,$60.00 ,4,$10.00 ,2,1125
210,1323446,$98.00 ,$640.00 ,"$2,000.00 ",$300.00 ,$10.00 ,2,$25.00 ,1,99
211,3925573,$130.00 ,$850.00 ,,$150.00 ,$25.00 ,1,$0.00 ,2,1125
212,8723086,$85.00 ,$525.00 ,"$1,600.00 ",,,0,$0.00 ,1,1125
213,781474,$85.00 ,$560.00 ,"$2,195.00 ",,$15.00 ,1,$0.00 ,2,180
214,9812439,$73.00 ,$588.00 ,"$2,058.00 ",$350.00 ,$60.00 ,1,$0.00 ,2,1125
215,3401644,$150.00 ,$550.00 ,,$150.00 ,$25.00 ,4,$50.00 ,1,1125
216,10036903,$85.00 ,,,,,1,$0.00 ,3,1125
217,5310193,$190.00 ,"$1,600.00 ",,$500.00 ,$100.00 ,1,$0.00 ,1,1125
218,5308875,$68.00 ,,,$200.00 ,$50.00 ,1,$0.00 ,2,15
219,5052459,$149.00 ,$895.00 ,"$3,150.00 ",$100.00 ,$60.00 ,2,$0.00 ,2,1125
220,7228499,$349.00 ,,,,$100.00 ,1,$0.00 ,1,1125
221,7651653,$105.00 ,,"$2,500.00 ",$750.00 ,$100.00 ,1,$0.00 ,21,1125
222,1494986,$145.00 ,$925.00 ,"$3,625.00 ",$500.00 ,$90.00 ,2,$10.00 ,3,1125
223,1783382,$150.00 ,$900.00 ,,$200.00 ,$40.00 ,1,$10.00 ,2,6
224,7513198,$275.00 ,"$1,750.00 ","$5,500.00 ","$5,000.00 ",$75.00 ,3,$75.00 ,4,1125
225,8308316,$165.00 ,,,,$75.00 ,1,$0.00 ,2,1125
226,9694921,$196.00 ,,,$300.00 ,$65.00 ,5,$25.00 ,2,1125
227,2472850,$195.00 ,,"$3,600.00 ",$100.00 ,$35.00 ,1,$0.00 ,2,14
228,5487522,$200.00 ,,,$95.00 ,,2,$10.00 ,2,1125
229,4016650,$90.00 ,,,$125.00 ,$30.00 ,1,$0.00 ,2,7
230,10229434,$100.00 ,,,,,1,$0.00 ,1,1125
231,3479241,$125.00 ,$800.00 ,"$2,000.00 ",,$30.00 ,1,$25.00 ,2,1125
232,5848400,$250.00 ,,,,$264.00 ,1,$0.00 ,3,1125
233,6077760,$130.00 ,$750.00 ,"$2,500.00 ",$100.00 ,$50.00 ,1,$0.00 ,2,1125
234,4642956,$209.00 ,"$1,400.00 ",,$200.00 ,$90.00 ,2,$25.00 ,3,1125
235,1167507,$110.00 ,$720.00 ,"$2,500.00 ",$150.00 ,$50.00 ,2,$20.00 ,2,1125
236,6044106,$90.00 ,"$1,015.00 ","$3,950.00 ",$350.00 ,$60.00 ,0,$0.00 ,2,1125
237,1799255,$90.00 ,$500.00 ,,,,1,$0.00 ,2,1125
238,8941768,$130.00 ,$700.00 ,"$2,200.00 ",,,2,$0.00 ,1,1125
239,6569950,$175.00 ,,,,,1,$0.00 ,2,3
240,7733192,$749.00 ,"$6,300.00 ","$19,500.00 ","$1,000.00 ",$199.00 ,4,$45.00 ,1,365
241,9215782,$115.00 ,,,,$35.00 ,1,$0.00 ,1,5
242,5175631,$165.00 ,,,$200.00 ,$55.00 ,2,$20.00 ,2,30
243,6315614,$109.00 ,,,,,1,$0.00 ,1,1125
244,9134193,$80.00 ,$428.00 ,"$1,512.00 ",,,1,$0.00 ,1,1125
245,2481189,$285.00 ,"$1,650.00 ",,$300.00 ,$150.00 ,1,$0.00 ,2,365
246,8535897,$80.00 ,$425.00 ,"$1,500.00 ",,$10.00 ,2,$20.00 ,1,1125
247,9476826,$75.00 ,$400.00 ,"$1,350.00 ",,,1,$0.00 ,1,1125
248,3144311,$68.00 ,,,$100.00 ,$100.00 ,2,$10.00 ,20,44
249,9370007,$85.00 ,,,$150.00 ,$60.00 ,2,$15.00 ,2,1125
250,6781308,$125.00 ,,,$300.00 ,$55.00 ,1,$0.00 ,2,1125
251,160222,$110.00 ,$692.00 ,"$2,550.00 ",$800.00 ,$100.00 ,2,$50.00 ,2,1125
252,4250367,$600.00 ,"$3,150.00 ","$11,700.00 ","$1,500.00 ",$175.00 ,1,$0.00 ,3,1125
253,8755479,$235.00 ,,,,$45.00 ,2,$15.00 ,1,1125
254,8829156,$75.00 ,$541.00 ,"$1,911.00 ",,$20.00 ,3,$10.00 ,1,1125
255,5126077,$95.00 ,,,,$25.00 ,1,$0.00 ,1,1125
256,6108796,$103.00 ,"$1,005.00 ","$3,900.00 ",$350.00 ,$60.00 ,4,$10.00 ,2,1125
257,2692126,$120.00 ,$730.00 ,"$3,000.00 ",$350.00 ,$60.00 ,2,$25.00 ,3,1125
258,6882211,$95.00 ,,,$200.00 ,$50.00 ,1,$0.00 ,1,1125
259,9573675,$143.00 ,,,,$100.00 ,0,$0.00 ,1,1125
260,3544953,$99.00 ,$700.00 ,,,$20.00 ,2,$0.00 ,2,7
261,2020505,$142.00 ,,,,$40.00 ,1,$0.00 ,3,10
262,5580457,$150.00 ,,,,$25.00 ,2,$25.00 ,2,15
263,1495271,$295.00 ,,,"$1,000.00 ",$110.00 ,1,$0.00 ,1,1125
264,8455865,$335.00 ,"$2,500.00 ",,$500.00 ,$125.00 ,1,$0.00 ,2,16
265,9679300,$60.00 ,,,,,1,$0.00 ,1,1125
266,6065566,$250.00 ,"$1,500.00 ",,$500.00 ,$75.00 ,4,$0.00 ,4,14
267,4645208,$499.00 ,,,$499.00 ,$200.00 ,8,$50.00 ,2,1125
268,6115807,$350.00 ,,,$300.00 ,$155.00 ,7,$50.00 ,2,180
269,7091397,$156.00 ,"$1,040.00 ","$4,000.00 ",$300.00 ,$25.00 ,2,$0.00 ,3,1125
270,6134153,$200.00 ,,,$100.00 ,$111.00 ,4,$50.00 ,2,180
271,7763878,$180.00 ,,,$100.00 ,$30.00 ,3,$0.00 ,2,9
272,8088447,$103.00 ,,,,,1,$0.00 ,1,1125
273,3418349,$99.00 ,,,$100.00 ,,1,$0.00 ,1,90
274,9199982,$94.00 ,,,$100.00 ,$40.00 ,1,$0.00 ,2,1125
275,6400000,$160.00 ,,,$100.00 ,$72.00 ,0,$0.00 ,1,180
276,6776229,$129.00 ,,,$300.00 ,$60.00 ,1,$0.00 ,2,1125
277,7627794,$219.00 ,"$1,380.00 ",,,$90.00 ,2,$30.00 ,2,1125
278,8374102,$91.00 ,,"$3,850.00 ",$150.00 ,$60.00 ,2,$20.00 ,2,1125
279,6316934,$75.00 ,$915.00 ,"$3,528.00 ",$350.00 ,$60.00 ,4,$10.00 ,2,1125
280,1820794,$99.00 ,$725.00 ,"$2,250.00 ",,,2,$25.00 ,2,1125
281,314180,$300.00 ,"$1,400.00 ","$5,000.00 ",$500.00 ,$95.00 ,5,$25.00 ,5,14
282,8670079,$150.00 ,$850.00 ,"$2,950.00 ",,$100.00 ,1,$0.00 ,1,1125
283,4868135,$149.00 ,$990.00 ,,$300.00 ,$105.00 ,1,$0.00 ,2,1125
284,5336585,$75.00 ,,,,,1,$0.00 ,1,1125
285,1427103,$95.00 ,,"$1,995.00 ",$150.00 ,$40.00 ,3,$15.00 ,1,32
286,3518808,$100.00 ,,,,,1,$0.00 ,2,1125
287,8995844,$250.00 ,"$1,500.00 ",,,,1,$0.00 ,4,1125
288,356566,$105.00 ,$650.00 ,"$1,950.00 ",$500.00 ,$50.00 ,1,$35.00 ,5,60
289,6466388,$74.00 ,$420.00 ,"$1,000.00 ",$100.00 ,$15.00 ,1,$10.00 ,1,1125
290,4531944,$140.00 ,"$1,050.00 ","$3,500.00 ",$250.00 ,$65.00 ,1,$0.00 ,1,1125
291,6686072,$130.00 ,$770.00 ,"$2,500.00 ",$350.00 ,$50.00 ,2,$5.00 ,3,1125
292,4384343,$110.00 ,$700.00 ,,$100.00 ,$40.00 ,1,$0.00 ,2,20
293,7900056,$199.00 ,"$1,460.00 ","$4,960.00 ",$350.00 ,$160.00 ,4,$20.00 ,2,30
294,6378563,$209.00 ,,,$300.00 ,$95.00 ,1,$0.00 ,3,120
295,5630783,$100.00 ,$550.00 ,,$100.00 ,$50.00 ,2,$10.00 ,2,28
296,340706,$110.00 ,$630.00 ,"$2,400.00 ",$100.00 ,$30.00 ,2,$15.00 ,2,90
297,6202214,$104.00 ,$619.00 ,"$2,184.00 ",$250.00 ,$50.00 ,2,$25.00 ,2,30
298,1030411,$200.00 ,,,,$100.00 ,1,$0.00 ,3,14
299,7922373,$99.00 ,$690.00 ,,,$35.00 ,2,$30.00 ,2,30
300,6156470,$90.00 ,$600.00 ,"$2,000.00 ",,$13.00 ,1,$0.00 ,1,14
301,2994309,$135.00 ,$900.00 ,"$3,600.00 ",$200.00 ,$30.00 ,2,$15.00 ,3,1125
302,1594328,$122.00 ,,,$100.00 ,$50.00 ,4,$25.00 ,2,1125
303,8072920,$80.00 ,,,,$40.00 ,1,$0.00 ,5,10
304,6915487,$158.00 ,$896.00 ,"$3,045.00 ",$150.00 ,$65.00 ,2,$15.00 ,2,30
305,6202603,$90.00 ,,,,$10.00 ,2,$20.00 ,1,1125
306,5286781,$100.00 ,$500.00 ,"$1,780.00 ",,,1,$0.00 ,1,8
307,2818420,$89.00 ,$575.00 ,"$1,990.00 ",$300.00 ,$90.00 ,2,$20.00 ,2,1125
308,3739681,$125.00 ,$700.00 ,"$2,500.00 ",$100.00 ,$50.00 ,4,$0.00 ,3,1125
309,7922063,$42.00 ,,,,,1,$10.00 ,1,1125
310,611509,$65.00 ,$425.00 ,"$1,350.00 ",$200.00 ,$40.00 ,1,$15.00 ,2,90
311,1802663,$100.00 ,$600.00 ,"$2,100.00 ",$95.00 ,$40.00 ,2,$35.00 ,2,35
312,9797545,$40.00 ,,,,$15.00 ,1,$0.00 ,7,90
313,9241055,$185.00 ,,,$200.00 ,,4,$25.00 ,4,1125
314,9294832,$40.00 ,,,,$35.00 ,1,$0.00 ,2,1125
315,8643209,$70.00 ,$350.00 ,"$1,300.00 ",,$20.00 ,1,$10.00 ,1,1125
316,7258811,$40.00 ,$250.00 ,$750.00 ,$350.00 ,$35.00 ,1,$0.00 ,4,1125
317,10265391,$70.00 ,,,,,1,$0.00 ,1,1125
318,132120,$110.00 ,$600.00 ,"$2,000.00 ",,$40.00 ,1,$0.00 ,2,30
319,6343866,$99.00 ,,,$400.00 ,$100.00 ,1,$0.00 ,2,1125
320,3066740,$680.00 ,,,"$1,000.00 ",$275.00 ,6,$0.00 ,1,1125
321,4130112,$195.00 ,"$1,300.00 ","$3,800.00 ",,$75.00 ,5,$20.00 ,5,90
322,4026757,$55.00 ,$432.00 ,,,$25.00 ,1,$25.00 ,1,365
323,9545281,$90.00 ,,,,,1,$0.00 ,1,1125
324,3294804,$119.00 ,,,,$50.00 ,2,$10.00 ,2,90
325,4122325,$175.00 ,,,$100.00 ,,5,$0.00 ,2,14
326,8308353,$65.00 ,$550.00 ,"$1,800.00 ",,,1,$15.00 ,1,1125
327,7226013,$75.00 ,,,,,1,$0.00 ,1,1125
328,5761290,$126.00 ,$790.00 ,"$2,649.00 ",$350.00 ,$65.00 ,2,$20.00 ,2,30
329,182716,$70.00 ,$450.00 ,,$300.00 ,,1,$10.00 ,2,30
330,3050140,$90.00 ,$600.00 ,"$2,000.00 ",$100.00 ,$50.00 ,2,$10.00 ,2,365
331,3254956,$129.00 ,$700.00 ,"$1,990.00 ",,$60.00 ,1,$10.00 ,1,1125
332,1264287,$225.00 ,"$1,470.00 ","$5,964.00 ",$700.00 ,,4,$30.00 ,3,1125
333,3404557,$40.00 ,$250.00 ,$750.00 ,$350.00 ,$35.00 ,1,$0.00 ,4,1125
334,3939683,$50.00 ,$275.00 ,$850.00 ,$350.00 ,$28.00 ,2,$30.00 ,5,1125
335,3424242,$40.00 ,$250.00 ,$750.00 ,$350.00 ,$35.00 ,1,$0.00 ,4,1125
336,7985714,$40.00 ,$250.00 ,$750.00 ,$350.00 ,$35.00 ,1,$0.00 ,5,1125
337,4279876,$95.00 ,,,$400.00 ,,2,$15.00 ,2,29
338,3870253,$175.00 ,,,,,1,$0.00 ,2,1125
339,2187563,$160.00 ,"$1,000.00 ","$3,500.00 ",$400.00 ,$90.00 ,2,$15.00 ,2,1125
340,3889299,$40.00 ,$250.00 ,$750.00 ,$350.00 ,$35.00 ,1,$0.00 ,4,1125
341,3889330,$40.00 ,$250.00 ,$750.00 ,$350.00 ,$35.00 ,1,$0.00 ,4,1125
342,1184846,$120.00 ,,,$100.00 ,,1,$0.00 ,3,1125
343,3626162,$66.00 ,$393.00 ,"$1,386.00 ",,$70.00 ,2,$10.00 ,2,1125
344,456040,$55.00 ,,,,,1,$10.00 ,1,31
345,9033154,$350.00 ,"$2,100.00 ",,$350.00 ,$90.00 ,1,$0.00 ,4,1125
346,4340838,$85.00 ,$500.00 ,,,$20.00 ,1,$0.00 ,1,1125
347,808811,$175.00 ,"$1,000.00 ","$2,500.00 ",,$50.00 ,2,$20.00 ,2,1125
348,7368030,$105.00 ,$650.00 ,,,,1,$0.00 ,5,1125
349,522287,$55.00 ,,,,$10.00 ,1,$20.00 ,1,30
350,1940787,$150.00 ,,,$300.00 ,$75.00 ,6,$25.00 ,1,1125
351,3732103,$40.00 ,$250.00 ,$750.00 ,$350.00 ,$35.00 ,1,$0.00 ,4,1125
352,43373,$59.00 ,$395.00 ,"$1,389.00 ",,$15.00 ,1,$10.00 ,2,730
353,5126365,$80.00 ,$400.00 ,"$1,500.00 ",,$30.00 ,1,$10.00 ,1,1125
354,7182584,$200.00 ,,"$3,000.00 ",,$40.00 ,4,$20.00 ,1,1125
355,5325214,$60.00 ,$325.00 ,"$1,250.00 ",,,1,$0.00 ,1,500
356,2710274,$59.00 ,,,,$15.00 ,1,$10.00 ,2,1125
357,5128160,$575.00 ,"$3,250.00 ","$9,500.00 ",$500.00 ,$175.00 ,0,$0.00 ,4,31
358,3424114,$40.00 ,$250.00 ,$750.00 ,$350.00 ,$35.00 ,1,$0.00 ,4,1125
359,2776890,$139.00 ,,,,$25.00 ,1,$0.00 ,2,10
360,4521755,$70.00 ,$750.00 ,"$2,900.00 ",$250.00 ,$75.00 ,1,$0.00 ,2,1125
361,3456599,$85.00 ,,"$2,500.00 ",,$50.00 ,2,$10.00 ,2,90
362,8207848,$259.00 ,,,,$155.00 ,1,$0.00 ,3,1125
363,10249527,$39.00 ,,,,,1,$0.00 ,1,1125
364,1252740,$70.00 ,$450.00 ,"$1,600.00 ",,,2,$25.00 ,2,14
365,4250938,$166.00 ,,,,$209.00 ,1,$0.00 ,3,1125
366,3791920,$99.00 ,$685.00 ,,,,2,$10.00 ,2,1125
367,4258762,$110.00 ,,,$100.00 ,$20.00 ,1,$20.00 ,2,1125
368,7364146,$100.00 ,,,$100.00 ,$75.00 ,2,$5.00 ,1,1125
369,6765045,$250.00 ,,,$200.00 ,$65.00 ,1,$0.00 ,2,1125
370,3193738,$150.00 ,"$1,600.00 ","$3,700.00 ",$400.00 ,$120.00 ,1,$0.00 ,7,1125
371,8765219,$200.00 ,$833.00 ,"$2,940.00 ",$100.00 ,$50.00 ,1,$0.00 ,2,1125
372,8174285,$95.00 ,,,$300.00 ,$75.00 ,2,$25.00 ,5,60
373,3403638,$40.00 ,$250.00 ,$750.00 ,$350.00 ,$35.00 ,1,$0.00 ,4,1125
374,7601333,$215.00 ,"$1,205.00 ","$4,220.00 ",$250.00 ,$65.00 ,1,$0.00 ,2,31
375,6707735,$110.00 ,$750.00 ,"$2,400.00 ",,$15.00 ,1,$0.00 ,1,1125
376,7322718,$249.00 ,,,$300.00 ,$100.00 ,1,$0.00 ,4,1125
377,3783162,$295.00 ,,"$7,500.00 ",$300.00 ,$95.00 ,8,$40.00 ,1,1125
378,6606,$90.00 ,$670.00 ,,$200.00 ,$40.00 ,2,$10.00 ,2,1125
379,3889280,$40.00 ,$250.00 ,$750.00 ,$350.00 ,$35.00 ,1,$0.00 ,4,1125
380,3971137,$85.00 ,,,$100.00 ,$8.00 ,0,$0.00 ,2,30
381,3889050,$40.00 ,$250.00 ,$750.00 ,$350.00 ,$35.00 ,1,$0.00 ,4,1125
382,799882,$40.00 ,$200.00 ,$520.00 ,$150.00 ,$20.00 ,1,$15.00 ,1,1125
383,9508386,$245.00 ,,,$350.00 ,$150.00 ,4,$20.00 ,2,1125
384,6714817,$130.00 ,$900.00 ,,$350.00 ,$50.00 ,1,$0.00 ,5,22
385,3773700,$210.00 ,,,,$100.00 ,1,$0.00 ,1,1125
386,3773568,$439.00 ,"$2,399.00 ",,$399.00 ,$99.00 ,4,$35.00 ,2,1125
387,9313974,$90.00 ,$500.00 ,"$2,000.00 ",,,1,$0.00 ,1,1125
388,6492880,$95.00 ,,,$100.00 ,$82.00 ,2,$25.00 ,2,15
389,4879013,$109.00 ,,,$100.00 ,$60.00 ,2,$15.00 ,2,1125
390,3732094,$40.00 ,$250.00 ,$750.00 ,$350.00 ,$28.00 ,1,$0.00 ,4,1125
391,873073,$175.00 ,"$1,225.00 ","$5,000.00 ",$100.00 ,$75.00 ,4,$50.00 ,3,28
392,234898,$80.00 ,$450.00 ,"$1,800.00 ",$100.00 ,$40.00 ,2,$0.00 ,4,365
393,8533375,$105.00 ,$600.00 ,,,,1,$0.00 ,2,1125
394,6854019,$400.00 ,,,$250.00 ,$150.00 ,6,$15.00 ,1,1125
395,8418650,$100.00 ,$575.00 ,"$1,950.00 ",$500.00 ,$50.00 ,3,$7.00 ,2,1125
396,3732076,$40.00 ,$250.00 ,$750.00 ,$350.00 ,$35.00 ,1,$0.00 ,4,1125
397,4608592,$160.00 ,,,$500.00 ,$20.00 ,4,$20.00 ,2,30
398,4862719,$55.00 ,,,,,1,$10.00 ,1,1125
399,668169,$55.00 ,$370.00 ,$990.00 ,$300.00 ,$30.00 ,1,$15.00 ,3,30
400,429453,$150.00 ,$500.00 ,"$1,450.00 ",,$30.00 ,1,$25.00 ,5,60
401,10124808,$55.00 ,,,,,1,$0.00 ,1,1125
402,7459684,$95.00 ,$595.00 ,"$2,100.00 ",$200.00 ,$50.00 ,2,$20.00 ,1,1125
403,5992645,$155.00 ,"$1,096.00 ","$3,500.00 ",$500.00 ,$100.00 ,4,$25.00 ,3,1125
404,7917718,$55.00 ,$419.00 ,"$1,499.00 ",,$25.00 ,1,$15.00 ,1,1125
405,2986056,$40.00 ,$250.00 ,$750.00 ,$350.00 ,$35.00 ,1,$0.00 ,4,1125
406,2011193,$250.00 ,,,$400.00 ,$100.00 ,7,$25.00 ,2,28
407,3768626,$145.00 ,$875.00 ,"$2,500.00 ",$150.00 ,$50.00 ,2,$0.00 ,1,1125
408,2026794,$54.00 ,,,,$15.00 ,1,$10.00 ,1,1125
409,9154294,$99.00 ,$800.00 ,"$2,900.00 ",$100.00 ,,1,$0.00 ,2,1125
410,430610,$254.00 ,,"$6,300.00 ",$300.00 ,$125.00 ,7,$15.00 ,1,1125
411,3231850,$100.00 ,,,$200.00 ,$45.00 ,1,$0.00 ,2,14
412,2976798,$65.00 ,$450.00 ,,$500.00 ,$10.00 ,2,$10.00 ,2,1125
413,703058,$150.00 ,,,$500.00 ,$60.00 ,2,$15.00 ,2,27
414,7826541,$140.00 ,,,,$30.00 ,2,$25.00 ,1,1125
415,240920,$45.00 ,$275.00 ,$950.00 ,$250.00 ,$20.00 ,1,$10.00 ,3,31
416,6655233,$74.00 ,$420.00 ,"$1,000.00 ",$100.00 ,$15.00 ,1,$10.00 ,1,1125
417,9866461,$60.00 ,,,,,2,$20.00 ,1,4
418,7957729,$350.00 ,,,,,1,$0.00 ,3,1125
419,1428687,$135.00 ,"$1,000.00 ","$4,100.00 ",$350.00 ,$50.00 ,2,$5.00 ,2,1125
420,4803403,$85.00 ,$525.00 ,"$1,395.00 ",$200.00 ,$80.00 ,2,$30.00 ,2,1125
421,11012,$310.00 ,"$2,100.00 ",,$350.00 ,$195.00 ,4,$15.00 ,3,90
422,3888924,$40.00 ,$250.00 ,$750.00 ,$350.00 ,$35.00 ,1,$0.00 ,4,1125
423,8842808,$215.00 ,,,$200.00 ,$30.00 ,5,$25.00 ,2,1125
424,1114695,$245.00 ,,,$200.00 ,$145.00 ,6,$15.00 ,1,1125
425,1715582,$65.00 ,,,,,1,$10.00 ,2,1125
426,6704734,$85.00 ,,,$100.00 ,$40.00 ,2,$10.00 ,2,1125
427,8555098,$95.00 ,,,,,1,$0.00 ,1,1125
428,1214316,$57.00 ,$339.00 ,"$1,197.00 ",,$25.00 ,2,$25.00 ,1,60
429,7325455,$75.00 ,,,$500.00 ,$20.00 ,1,$0.00 ,1,1125
430,6325685,$120.00 ,$825.00 ,,$250.00 ,$22.00 ,2,$10.00 ,1,29
431,9596,$120.00 ,$725.00 ,,$200.00 ,$85.00 ,2,$15.00 ,3,21
432,9568491,$40.00 ,$250.00 ,,,$5.00 ,1,$5.00 ,1,1125
433,1747184,$490.00 ,"$2,950.00 ","$7,500.00 ",$500.00 ,$225.00 ,6,$10.00 ,2,45
434,8653843,$50.00 ,,,$100.00 ,$15.00 ,2,$10.00 ,2,1125
435,6727729,$200.00 ,,,,$45.00 ,2,$25.00 ,2,1125
436,3888986,$40.00 ,$250.00 ,$750.00 ,$350.00 ,$35.00 ,1,$0.00 ,4,1125
437,4135710,$255.00 ,"$1,250.00 ","$2,750.00 ",$500.00 ,$95.00 ,2,$50.00 ,4,270
438,3652434,$95.00 ,$678.00 ,"$2,394.00 ",$100.00 ,$30.00 ,1,$0.00 ,1,10
439,7667990,$160.00 ,,,$100.00 ,$20.00 ,1,$0.00 ,1,1125
440,4047058,$55.00 ,$432.00 ,,,$25.00 ,1,$25.00 ,1,365
441,7163934,$85.00 ,$600.00 ,,,$20.00 ,1,$0.00 ,2,21
442,7717478,$325.00 ,"$2,000.00 ","$5,000.00 ",$800.00 ,$75.00 ,4,$25.00 ,2,1125
443,4653552,$144.00 ,"$1,250.00 ","$4,410.00 ",$200.00 ,$80.00 ,1,$0.00 ,1,30
444,6915439,$100.00 ,$600.00 ,"$2,500.00 ",$100.00 ,$30.00 ,1,$25.00 ,3,1125
445,506542,$115.00 ,$700.00 ,"$2,300.00 ",,$50.00 ,2,$10.00 ,3,1125
446,4046863,$55.00 ,$432.00 ,,,$25.00 ,1,$25.00 ,1,365
447,3915826,$95.00 ,$895.00 ,,,,1,$0.00 ,2,1125
448,4787415,$175.00 ,"$1,200.00 ",,$400.00 ,$100.00 ,4,$30.00 ,3,24
449,1602488,$95.00 ,,,,,2,$0.00 ,1,31
450,8459215,$100.00 ,,,$100.00 ,$25.00 ,1,$0.00 ,2,1125
451,10274175,$46.00 ,,,,,1,$0.00 ,1,1125
452,9167786,$50.00 ,,,,$10.00 ,1,$10.00 ,1,1125
453,5686435,$445.00 ,,,,$125.00 ,1,$0.00 ,3,1125
454,7939058,$75.00 ,$500.00 ,,,,1,$0.00 ,1,1125
455,8392801,$100.00 ,$800.00 ,"$2,590.00 ",$100.00 ,$50.00 ,1,$0.00 ,2,1125
456,7404370,$130.00 ,,,$500.00 ,,1,$10.00 ,2,1125
457,3720511,$235.00 ,"$2,000.00 ",,$150.00 ,$125.00 ,3,$50.00 ,2,1125
458,8193332,$100.00 ,"$1,000.00 ","$2,500.00 ",,$25.00 ,1,$0.00 ,1,1125
459,7957904,$120.00 ,,,,,1,$0.00 ,1,1125
460,4555997,$80.00 ,$550.00 ,"$1,999.00 ",$150.00 ,$45.00 ,1,$0.00 ,4,1125
461,2267088,$110.00 ,$785.00 ,"$2,750.00 ",,$40.00 ,4,$25.00 ,2,1125
462,108468,$395.00 ,,,$500.00 ,$250.00 ,9,$10.00 ,3,30
463,6400379,$88.00 ,$620.00 ,"$1,225.00 ",,$35.00 ,1,$0.00 ,1,1125
464,5948003,$55.00 ,,"$1,664.00 ",,$20.00 ,1,$0.00 ,3,1125
465,5058086,$145.00 ,$650.00 ,,$200.00 ,$100.00 ,2,$60.00 ,2,14
466,1209255,$425.00 ,,,$500.00 ,$150.00 ,1,$0.00 ,2,21
467,1914051,$114.00 ,$678.00 ,"$2,394.00 ",$250.00 ,$50.00 ,2,$50.00 ,2,1125
468,2923529,$110.00 ,"$1,000.00 ","$3,000.00 ",$300.00 ,$50.00 ,2,$20.00 ,2,1125
469,1027860,$300.00 ,,,$150.00 ,$150.00 ,1,$0.00 ,7,30
470,2373176,$117.00 ,$696.00 ,"$2,457.00 ",$250.00 ,$50.00 ,2,$50.00 ,2,1125
471,6404427,$275.00 ,"$1,800.00 ",,$500.00 ,$100.00 ,4,$20.00 ,2,30
472,8517602,$85.00 ,$482.00 ,"$1,600.00 ",,,2,$10.00 ,1,1125
473,7035240,$300.00 ,"$2,000.00 ",,,$100.00 ,1,$0.00 ,7,1125
474,4583161,$53.00 ,$325.00 ,"$1,100.00 ",$200.00 ,$20.00 ,1,$0.00 ,1,30
475,7967844,$107.00 ,$999.00 ,"$2,999.00 ",,$120.00 ,1,$0.00 ,1,1125
476,6562393,$348.00 ,"$1,900.00 ","$6,500.00 ",$300.00 ,$70.00 ,1,$0.00 ,3,1125
477,7807087,$89.00 ,,,$100.00 ,$60.00 ,2,$20.00 ,1,1125
478,5405643,$89.00 ,,"$3,500.00 ",$450.00 ,$75.00 ,4,$15.00 ,2,1125
479,7011200,$89.00 ,,,$250.00 ,$60.00 ,1,$0.00 ,1,1125
480,610989,$209.00 ,"$1,300.00 ",,,,1,$0.00 ,2,1125
481,7839535,$76.00 ,$446.00 ,"$1,302.00 ",,$35.00 ,1,$0.00 ,1,1125
482,4814894,$74.00 ,,,,$50.00 ,2,$15.00 ,3,20
483,186328,$250.00 ,"$1,900.00 ",,$100.00 ,$100.00 ,5,$100.00 ,3,15
484,7492877,$180.00 ,,,,$55.00 ,1,$0.00 ,1,1125
485,6576228,$179.00 ,,,,,1,$0.00 ,1,1125
486,241016,$115.00 ,,,,$20.00 ,2,$5.00 ,2,60
487,6968101,$140.00 ,,,,,1,$0.00 ,2,1125
488,5648564,$150.00 ,"$1,000.00 ","$3,000.00 ",$500.00 ,$150.00 ,4,$100.00 ,5,125
489,4116645,$70.00 ,$500.00 ,"$1,500.00 ",,,1,$0.00 ,1,1125
490,2419879,$300.00 ,,,,,1,$0.00 ,3,1125
491,6425735,$99.00 ,$560.00 ,"$1,500.00 ",$300.00 ,$40.00 ,1,$25.00 ,1,1125
492,8105351,$89.00 ,,,,$35.00 ,1,$0.00 ,1,1125
493,9136499,$100.00 ,,,,,1,$0.00 ,1,1125
494,3639023,$84.00 ,$500.00 ,"$1,800.00 ",$200.00 ,$50.00 ,1,$0.00 ,2,1125
495,6724599,$97.00 ,,,$250.00 ,$25.00 ,2,$10.00 ,4,16
496,4211629,$116.00 ,$775.00 ,"$2,750.00 ",$150.00 ,$80.00 ,1,$0.00 ,3,1125
497,7151924,$150.00 ,,,$300.00 ,$75.00 ,1,$0.00 ,2,14
498,704764,$110.00 ,,,$200.00 ,$50.00 ,1,$25.00 ,1,15
499,1796217,$265.00 ,,,,$169.00 ,1,$0.00 ,3,365
500,4661812,$115.00 ,$750.00 ,"$2,900.00 ",$100.00 ,$80.00 ,2,$15.00 ,3,1125
501,8811945,$100.00 ,$700.00 ,"$2,200.00 ",$100.00 ,$50.00 ,4,$25.00 ,6,28
502,1090307,$109.00 ,$675.00 ,,,,2,$30.00 ,2,14
503,15108,$60.00 ,$375.00 ,"$1,000.00 ",,,1,$15.00 ,1,730
504,1882316,$249.00 ,"$1,600.00 ","$6,000.00 ",$200.00 ,$100.00 ,1,$0.00 ,3,365
505,1095207,$250.00 ,,,$300.00 ,$150.00 ,1,$0.00 ,2,30
506,1343805,$100.00 ,$700.00 ,"$2,500.00 ",$250.00 ,$300.00 ,1,$0.00 ,26,30
507,9217150,$74.00 ,,,,$20.00 ,2,$30.00 ,1,1125
508,103920,$235.00 ,"$1,650.00 ","$4,250.00 ",$400.00 ,$125.00 ,2,$25.00 ,3,90
509,2215336,$99.00 ,"$1,000.00 ","$3,000.00 ",$200.00 ,$75.00 ,1,$0.00 ,3,1125
510,1483944,$96.00 ,$637.00 ,"$2,247.00 ",,$20.00 ,2,$10.00 ,1,1125
511,6466129,$92.00 ,$815.00 ,"$2,877.00 ",$95.00 ,$30.00 ,2,$14.00 ,1,1125
512,8536441,$85.00 ,$500.00 ,"$1,750.00 ",,,1,$0.00 ,2,1125
513,6262987,$55.00 ,,,$100.00 ,$10.00 ,2,$55.00 ,1,1125
514,8379081,$55.00 ,$349.00 ,"$1,099.00 ",$150.00 ,$35.00 ,2,$35.00 ,2,35
515,8365938,$80.00 ,,,,,1,$0.00 ,1,1125
516,9921445,$195.00 ,,,,,1,$0.00 ,2,1125
517,132160,$145.00 ,,,$400.00 ,,2,$20.00 ,3,30
518,2033191,$180.00 ,,,,$70.00 ,2,$10.00 ,3,1125
519,8849407,$50.00 ,,,,$20.00 ,1,$0.00 ,1,3
520,9922335,$160.00 ,,,,,1,$0.00 ,2,1125
521,7243974,$140.00 ,$850.00 ,,,$35.00 ,0,$0.00 ,2,1125
522,6490453,$140.00 ,$850.00 ,"$2,500.00 ",$500.00 ,$35.00 ,1,$0.00 ,2,1125
523,4025593,$40.00 ,,,,,1,$10.00 ,1,31
524,8556103,$145.00 ,$800.00 ,"$2,750.00 ",$500.00 ,$80.00 ,1,$0.00 ,2,1125
525,955506,$225.00 ,,,$300.00 ,$80.00 ,4,$25.00 ,3,20
526,9868607,$325.00 ,,,$200.00 ,$85.00 ,1,$0.00 ,1,1125
527,8668073,$199.00 ,,,$350.00 ,$100.00 ,2,$25.00 ,1,1125
528,790860,$450.00 ,"$2,950.00 ","$11,500.00 ",$500.00 ,$250.00 ,5,$18.00 ,4,120
529,261912,$175.00 ,,,$400.00 ,,2,$20.00 ,4,14
530,368403,$550.00 ,"$3,950.00 ","$13,500.00 ",$500.00 ,$300.00 ,4,$35.00 ,4,30
531,9878971,$149.00 ,,,$500.00 ,$100.00 ,1,$0.00 ,20,31
532,5602370,$130.00 ,$760.00 ,"$1,970.00 ",,,1,$0.00 ,3,120
533,9395217,$85.00 ,$450.00 ,"$1,700.00 ",,$30.00 ,2,$0.00 ,1,1125
534,7331079,$300.00 ,"$2,000.00 ",,$200.00 ,$100.00 ,1,$0.00 ,4,1125
535,580182,$79.00 ,"$1,300.00 ","$3,500.00 ",$200.00 ,$75.00 ,3,$15.00 ,2,1125
536,8152191,$59.00 ,$350.00 ,"$1,200.00 ",,,1,$0.00 ,2,1125
537,103908,$140.00 ,$900.00 ,,$400.00 ,$125.00 ,1,$25.00 ,2,730
538,783061,$60.00 ,$300.00 ,$780.00 ,,,1,$0.00 ,1,1125
539,7901725,$215.00 ,"$1,495.00 ",,$500.00 ,$80.00 ,1,$0.00 ,3,8
540,4968752,$100.00 ,$650.00 ,"$2,250.00 ",,$10.00 ,1,$0.00 ,1,14
541,14386,$40.00 ,$225.00 ,$650.00 ,,,1,$7.00 ,1,730
542,7517215,$99.00 ,,,,$20.00 ,1,$0.00 ,1,1125
543,1602421,$45.00 ,$285.00 ,$850.00 ,,,1,$15.00 ,1,1125
544,3821822,$75.00 ,$500.00 ,"$1,900.00 ",$300.00 ,$25.00 ,1,$0.00 ,2,28
545,6073437,$119.00 ,$795.00 ,"$2,725.00 ",,,2,$15.00 ,2,1125
546,7917700,$99.00 ,,,,$20.00 ,1,$0.00 ,1,1125
547,6278181,$225.00 ,,,$250.00 ,$25.00 ,4,$50.00 ,2,1125
548,4279578,$85.00 ,,,$95.00 ,$50.00 ,1,$10.00 ,1,35
549,9907337,$135.00 ,,,$200.00 ,$80.00 ,1,$0.00 ,4,1125
550,1796861,$335.00 ,"$2,100.00 ","$8,400.00 ","$1,000.00 ",$150.00 ,6,$50.00 ,2,1125
551,4211836,$79.00 ,$500.00 ,,$300.00 ,$20.00 ,2,$15.00 ,1,4
552,4025954,$90.00 ,$500.00 ,"$1,800.00 ",,$25.00 ,1,$0.00 ,2,1125
553,6154478,$111.00 ,,,$100.00 ,$5.00 ,1,$0.00 ,1,1125
554,84030,$110.00 ,$665.00 ,,$100.00 ,$75.00 ,2,$25.00 ,3,7
555,4235559,$325.00 ,,,$200.00 ,$119.00 ,6,$75.00 ,4,180
556,830948,$85.00 ,$550.00 ,"$1,500.00 ",$400.00 ,$60.00 ,2,$10.00 ,1,180
557,3468261,$190.00 ,,,$250.00 ,$50.00 ,2,$20.00 ,2,7
558,10026648,$65.00 ,$350.00 ,,,,1,$0.00 ,15,1125
559,9117633,$250.00 ,"$1,500.00 ",,,,1,$0.00 ,3,14
560,9158383,$69.00 ,$399.00 ,,,,1,$0.00 ,1,1125
561,1145590,$400.00 ,"$1,500.00 ","$3,000.00 ",$600.00 ,$75.00 ,3,$30.00 ,3,1125
562,5020848,$150.00 ,,,,,1,$0.00 ,1,1125
563,9600159,$200.00 ,,,,,1,$0.00 ,1,1125
564,3522409,$141.00 ,$899.00 ,"$3,000.00 ",$500.00 ,$45.00 ,2,$10.00 ,1,1125
565,9492873,$85.00 ,,,,,1,$0.00 ,1,1125
566,5534463,$775.00 ,,,$500.00 ,$100.00 ,6,$50.00 ,2,1125
567,9409233,$195.00 ,,,,$50.00 ,1,$0.00 ,2,1125
568,9531265,$249.00 ,,,,$100.00 ,1,$0.00 ,1,1125
569,5364609,$95.00 ,$595.00 ,,,$20.00 ,1,$0.00 ,4,1125
570,6629132,$122.00 ,$726.00 ,"$3,500.00 ",,,2,$25.00 ,1,1125
571,5489676,$170.00 ,"$1,000.00 ",,,,1,$0.00 ,5,1125
572,9347157,$65.00 ,,,,,1,$0.00 ,1,1125
573,10035644,$90.00 ,,,,,1,$0.00 ,2,1125
574,8293287,$88.00 ,$450.00 ,"$1,800.00 ",,$30.00 ,1,$0.00 ,2,15
575,910784,$125.00 ,,,$100.00 ,$25.00 ,4,$20.00 ,2,14
576,7071222,$145.00 ,"$1,090.00 ","$3,500.00 ",$200.00 ,$120.00 ,4,$25.00 ,2,10
577,8687716,$275.00 ,"$1,750.00 ","$4,695.00 ",$995.00 ,$195.00 ,1,$0.00 ,3,1125
578,7430679,$60.00 ,$340.00 ,"$1,000.00 ",,,1,$15.00 ,1,1125
579,180939,$95.00 ,$600.00 ,"$2,600.00 ",$200.00 ,$75.00 ,2,$50.00 ,2,90
580,6884604,$140.00 ,$550.00 ,"$1,890.00 ",,$60.00 ,1,$0.00 ,1,1125
581,7397476,$250.00 ,,,$500.00 ,$95.00 ,4,$25.00 ,2,1125
582,1063855,$225.00 ,"$1,485.00 ","$3,000.00 ",$250.00 ,$150.00 ,3,$25.00 ,3,365
583,8865006,$60.00 ,,,,$20.00 ,1,$0.00 ,1,1125
584,8069192,$95.00 ,$500.00 ,"$1,500.00 ",,$25.00 ,2,$50.00 ,1,1125
585,2800448,$65.00 ,$400.00 ,"$1,500.00 ",$300.00 ,$7.00 ,1,$0.00 ,2,1125
586,9076287,$78.00 ,$490.00 ,,,,1,$0.00 ,1,1125
587,7462439,$59.00 ,$749.00 ,"$1,999.00 ",$100.00 ,$20.00 ,2,$0.00 ,1,1125
588,8225635,$400.00 ,,"$6,900.00 ","$1,000.00 ",$150.00 ,8,$25.00 ,2,1125
589,2966415,$55.00 ,$300.00 ,"$1,100.00 ",,$15.00 ,1,$15.00 ,2,150
590,4639465,$129.00 ,$405.00 ,"$1,428.00 ",,$29.00 ,2,$29.00 ,1,7
591,7402190,$65.00 ,,,,,1,$0.00 ,2,1125
592,9448719,$175.00 ,,,,,1,$0.00 ,1,1125
593,5670781,$160.00 ,,,$200.00 ,$100.00 ,1,$0.00 ,2,1125
594,1905473,$75.00 ,,,$100.00 ,$20.00 ,1,$0.00 ,1,3
595,7266662,$80.00 ,$600.00 ,"$2,200.00 ",,$10.00 ,1,$0.00 ,2,1125
596,9095510,$109.00 ,$490.00 ,,,$15.00 ,1,$0.00 ,1,1125
597,7401854,$95.00 ,,,,$50.00 ,1,$0.00 ,1,1125
598,5174876,$85.00 ,,"$1,800.00 ",$100.00 ,$50.00 ,2,$15.00 ,1,30
599,1256883,$99.00 ,$599.00 ,"$1,799.00 ",$250.00 ,$100.00 ,4,$0.00 ,1,365
600,8072850,$90.00 ,$550.00 ,,,$20.00 ,2,$10.00 ,2,14
601,6706377,$73.00 ,$450.00 ,"$1,500.00 ",$500.00 ,$45.00 ,2,$50.00 ,2,30
602,9738522,$400.00 ,,,"$1,000.00 ",$200.00 ,11,$25.00 ,2,1125
603,2995996,$170.00 ,"$1,077.00 ","$3,801.00 ",$100.00 ,$75.00 ,3,$25.00 ,4,365
604,6674408,$48.00 ,,,,$30.00 ,2,$0.00 ,1,1125
605,6801095,$90.00 ,$600.00 ,"$1,600.00 ",,$20.00 ,1,$0.00 ,1,1125
606,143704,$82.00 ,$575.00 ,"$2,000.00 ",,$40.00 ,2,$30.00 ,3,60
607,9258305,$250.00 ,,,,$40.00 ,1,$0.00 ,2,1125
608,3727017,$199.00 ,"$1,500.00 ",,,$75.00 ,4,$35.00 ,2,1125
609,789966,$105.00 ,,,,,2,$25.00 ,2,7
610,6864319,$250.00 ,"$1,500.00 ",,$350.00 ,$50.00 ,4,$50.00 ,1,1125
611,1539463,$75.00 ,$550.00 ,"$1,600.00 ",$150.00 ,$15.00 ,1,$15.00 ,2,180
612,9591787,$250.00 ,,,"$1,000.00 ",$150.00 ,7,$25.00 ,1,1125
613,10279830,$175.00 ,"$1,100.00 ",,$250.00 ,$100.00 ,5,$0.00 ,2,28
614,1956553,$95.00 ,,,$95.00 ,,2,$15.00 ,2,1125
615,7396508,$150.00 ,,,$500.00 ,$80.00 ,2,$25.00 ,2,1125
616,6272065,$65.00 ,$450.00 ,"$1,550.00 ",,$40.00 ,1,$10.00 ,1,1125
617,7072218,$120.00 ,$650.00 ,,,,1,$0.00 ,1,1125
618,7075948,$300.00 ,"$1,890.00 ",,$400.00 ,$100.00 ,1,$0.00 ,3,1125
619,7543458,$89.00 ,,,,$45.00 ,0,$0.00 ,1,1125
620,3769336,$109.00 ,$629.00 ,"$2,199.00 ",,$25.00 ,1,$0.00 ,3,360
621,8666707,$75.00 ,,"$2,300.00 ",$250.00 ,$60.00 ,1,$0.00 ,3,1125
622,7205443,$99.00 ,$599.00 ,"$1,799.00 ",$250.00 ,$100.00 ,4,$10.00 ,1,1125
623,193371,$150.00 ,$950.00 ,"$3,400.00 ",$200.00 ,$140.00 ,4,$25.00 ,1,14
624,9957555,$175.00 ,,,,$60.00 ,4,$15.00 ,1,1125
625,6795678,$120.00 ,$850.00 ,"$2,800.00 ",$100.00 ,$40.00 ,2,$10.00 ,2,10
626,9300972,$45.00 ,,,,,1,$10.00 ,1,1125
627,8047522,$150.00 ,"$1,150.00 ","$4,995.00 ",$500.00 ,$100.00 ,4,$25.00 ,2,1125
628,9457328,$95.00 ,$460.00 ,"$1,596.00 ",$150.00 ,$40.00 ,1,$0.00 ,2,30
629,6576006,$50.00 ,$325.00 ,,,,0,$10.00 ,1,10
630,7971334,$129.00 ,,,,$10.00 ,1,$10.00 ,1,3
631,1984962,$295.00 ,,,$995.00 ,$195.00 ,1,$0.00 ,1,1125
632,9292039,$99.00 ,,,$250.00 ,$100.00 ,1,$0.00 ,1,1125
633,6661617,$175.00 ,"$1,500.00 ","$5,500.00 ",$500.00 ,$200.00 ,6,$0.00 ,2,1125
634,8848854,$150.00 ,,,$200.00 ,$100.00 ,6,$25.00 ,1,1125
635,3251069,$109.00 ,,,,,1,$0.00 ,1,1125
636,4111137,$85.00 ,,,,$10.00 ,2,$5.00 ,2,7
637,4760472,$80.00 ,$560.00 ,"$2,150.00 ",,$50.00 ,2,$5.00 ,2,40
638,8968925,$115.00 ,,,,,1,$0.00 ,1,1125
639,3293438,$85.00 ,$510.00 ,,,,1,$10.00 ,2,14
640,9210978,$200.00 ,,,,$100.00 ,1,$0.00 ,1,1125
641,3319386,$169.00 ,,,$250.00 ,,0,$0.00 ,2,6
642,7717813,$130.00 ,$950.00 ,"$3,000.00 ","$2,500.00 ",$75.00 ,4,$0.00 ,2,1125
643,5578943,$79.00 ,$595.00 ,"$1,975.00 ",$100.00 ,$60.00 ,2,$30.00 ,2,1125
644,7660932,$125.00 ,,,,,1,$0.00 ,2,6
645,4271221,$80.00 ,$500.00 ,,,$25.00 ,1,$0.00 ,1,1125
646,6358605,$66.00 ,,,,$15.00 ,1,$0.00 ,1,1125
647,1439237,$97.00 ,$585.00 ,$950.00 ,,,2,$10.00 ,2,1125
648,7775167,$58.00 ,$350.00 ,"$1,000.00 ",,$30.00 ,1,$75.00 ,1,1125
649,7437784,$125.00 ,,,$150.00 ,$25.00 ,2,$25.00 ,3,1125
650,9628972,$50.00 ,,,,,1,$0.00 ,1,1125
651,8425013,$350.00 ,,,$500.00 ,$250.00 ,1,$0.00 ,3,1125
652,6925807,$375.00 ,"$2,250.00 ","$8,200.00 ",$500.00 ,,1,$0.00 ,3,60
653,7400955,$240.00 ,"$1,500.00 ",,,$25.00 ,1,$0.00 ,3,1125
654,8174389,$189.00 ,"$1,150.00 ",,$175.00 ,$45.00 ,1,$0.00 ,2,14
655,6292452,$250.00 ,"$1,500.00 ",,$250.00 ,$75.00 ,5,$25.00 ,3,7
656,9095668,$90.00 ,,,$250.00 ,$61.00 ,2,$50.00 ,2,180
657,413733,$125.00 ,,,$100.00 ,$35.00 ,2,$25.00 ,1,30
658,8783900,$155.00 ,$930.00 ,"$4,030.00 ",$500.00 ,$100.00 ,7,$0.00 ,3,180
659,639130,$195.00 ,"$1,350.00 ",,,$100.00 ,1,$0.00 ,3,21
660,2484067,$69.00 ,$625.00 ,"$1,999.00 ",$150.00 ,$25.00 ,2,$20.00 ,1,100
661,3533112,$200.00 ,,,$500.00 ,$50.00 ,2,$10.00 ,3,21
662,2249292,$75.00 ,$650.00 ,"$2,500.00 ",$200.00 ,$25.00 ,2,$25.00 ,1,14
663,7838294,$225.00 ,,,$500.00 ,$100.00 ,4,$25.00 ,3,1125
664,6133354,$135.00 ,$554.00 ,"$1,848.00 ",$100.00 ,$65.00 ,1,$0.00 ,2,1125
665,7987836,$85.00 ,$455.00 ,,$200.00 ,$35.00 ,1,$0.00 ,2,7
666,9910025,$110.00 ,,,,$20.00 ,2,$15.00 ,1,1125
667,7364024,$110.00 ,,,$300.00 ,$25.00 ,3,$35.00 ,1,1125
668,9362082,$250.00 ,,,,,1,$0.00 ,2,30
669,8847108,$85.00 ,$525.00 ,"$1,900.00 ",,$15.00 ,1,$0.00 ,1,1125
670,7462428,$50.00 ,,,$500.00 ,$10.00 ,1,$0.00 ,1,1125
671,4370312,$78.00 ,,,,$45.00 ,2,$12.00 ,1,15
672,4053972,$95.00 ,$550.00 ,,$150.00 ,$40.00 ,1,$0.00 ,1,60
673,6209191,$95.00 ,$600.00 ,"$2,100.00 ",,,2,$50.00 ,2,1125
674,10123910,$295.00 ,,,,$80.00 ,1,$0.00 ,2,365
675,6412858,$175.00 ,$900.00 ,,$200.00 ,$100.00 ,4,$25.00 ,1,1125
676,3987838,$90.00 ,$550.00 ,"$1,800.00 ",$250.00 ,$15.00 ,2,$0.00 ,2,1125
677,7027507,$68.00 ,,,,$20.00 ,1,$0.00 ,2,1125
678,6587443,$74.00 ,$440.00 ,,$100.00 ,$50.00 ,2,$20.00 ,2,10
679,10204689,$80.00 ,$500.00 ,,,$15.00 ,1,$0.00 ,5,1125
680,1029680,$500.00 ,,,,$85.00 ,1,$0.00 ,1,10
681,7208439,$115.00 ,$730.00 ,,$150.00 ,$60.00 ,2,$19.00 ,2,14
682,8327765,$500.00 ,"$2,700.00 ","$5,000.00 ","$1,500.00 ",$300.00 ,1,$0.00 ,3,365
683,3953611,$115.00 ,$750.00 ,,,$50.00 ,2,$8.00 ,2,1125
684,2584354,$125.00 ,,,,,1,$0.00 ,3,1125
685,4574700,$350.00 ,,,,$100.00 ,1,$0.00 ,3,21
686,5685646,$140.00 ,$750.00 ,"$3,000.00 ",,$50.00 ,2,$25.00 ,1,1125
687,977722,$80.00 ,$480.00 ,,,$30.00 ,1,$20.00 ,2,28
688,2931922,$145.00 ,$900.00 ,"$2,695.00 ",$200.00 ,$95.00 ,2,$15.00 ,1,1125
689,8253955,$150.00 ,$900.00 ,"$4,300.00 ",$250.00 ,$50.00 ,2,$15.00 ,7,1125
690,6426462,$65.00 ,$450.00 ,"$1,295.00 ",$250.00 ,$50.00 ,1,$15.00 ,7,1125
691,8154238,$50.00 ,$275.00 ,$880.00 ,$350.00 ,$35.00 ,1,$0.00 ,4,1125
692,5020861,$65.00 ,$450.00 ,,,,1,$0.00 ,1,1125
693,9611409,$45.00 ,,,,,1,$0.00 ,1,5
694,9282348,$35.00 ,,,,,15,$15.00 ,1,1
695,8939306,$41.00 ,,,$500.00 ,$10.00 ,1,$15.00 ,1,1125
696,5423692,$59.00 ,,,,,1,$10.00 ,1,40
697,9159975,$49.00 ,,,$150.00 ,$30.00 ,1,$15.00 ,1,28
698,7561272,$47.00 ,,,$500.00 ,$10.00 ,1,$15.00 ,1,1125
699,7326419,$65.00 ,$385.00 ,"$1,650.00 ",,,1,$0.00 ,2,1125
700,9373607,$41.00 ,,,,$10.00 ,1,$10.00 ,1,6
701,6717555,$35.00 ,$250.00 ,$500.00 ,,,1,$0.00 ,2,1125
702,8939433,$43.00 ,,,$500.00 ,$10.00 ,1,$15.00 ,1,1125
703,8939503,$44.00 ,,,$500.00 ,$10.00 ,1,$15.00 ,1,1125
704,8742753,$99.00 ,$549.00 ,"$2,199.00 ",,,1,$10.00 ,1,1125
705,8939687,$45.00 ,,,$500.00 ,$10.00 ,1,$15.00 ,1,1125
706,3793406,$98.00 ,,,,$50.00 ,1,$0.00 ,3,1125
707,9134196,$109.00 ,$650.00 ,"$2,500.00 ",,$49.00 ,1,$0.00 ,1,1125
708,6007267,$75.00 ,$475.00 ,,,$20.00 ,3,$40.00 ,4,1125
709,3422894,$88.00 ,,,$150.00 ,$20.00 ,1,$0.00 ,1,31
710,3630581,$98.00 ,$695.00 ,"$1,895.00 ",$100.00 ,$60.00 ,1,$15.00 ,2,1125
711,9394508,$75.00 ,$490.00 ,"$1,495.00 ",$100.00 ,$60.00 ,1,$15.00 ,1,1125
712,7348578,$40.00 ,,,$500.00 ,$10.00 ,1,$15.00 ,1,1125
713,8869680,$85.00 ,$500.00 ,"$1,695.00 ",$100.00 ,$25.00 ,2,$25.00 ,1,1125
714,7678429,$100.00 ,$600.00 ,,$200.00 ,$50.00 ,1,$10.00 ,1,1125
715,2979387,$275.00 ,,"$4,900.00 ",$200.00 ,$225.00 ,7,$30.00 ,3,365
716,1531458,$105.00 ,$700.00 ,"$1,895.00 ",$100.00 ,$60.00 ,1,$15.00 ,1,1125
717,1549973,$78.00 ,$525.00 ,"$1,795.00 ",$100.00 ,$60.00 ,1,$15.00 ,2,1125
718,1123977,$150.00 ,"$1,000.00 ","$2,200.00 ",$250.00 ,$150.00 ,4,$25.00 ,7,1125
719,5719631,$95.00 ,$560.00 ,"$1,895.00 ",$150.00 ,$60.00 ,1,$15.00 ,1,1125
720,9580209,$155.00 ,$850.00 ,"$2,500.00 ",$150.00 ,$75.00 ,2,$15.00 ,1,1125
721,9364220,$109.00 ,,,,$49.00 ,1,$0.00 ,1,1125
722,9663221,$80.00 ,$525.00 ,"$1,550.00 ",$100.00 ,$50.00 ,1,$15.00 ,1,1125
723,9636952,$80.00 ,$550.00 ,"$1,550.00 ",$100.00 ,$55.00 ,1,$15.00 ,1,1125
724,8594059,$125.00 ,,,,$85.00 ,1,$0.00 ,1,1125
725,6278756,$55.00 ,$250.00 ,,,,1,$0.00 ,1,1125
726,3679617,$98.00 ,$600.00 ,"$1,695.00 ",$100.00 ,$60.00 ,1,$15.00 ,1,1125
727,9416551,$82.00 ,$550.00 ,"$1,595.00 ",$100.00 ,$60.00 ,1,$15.00 ,1,1125
728,8322107,$70.00 ,$450.00 ,"$1,700.00 ",$200.00 ,$150.00 ,2,$0.00 ,2,20
729,9511676,$55.00 ,$175.00 ,,,$5.00 ,1,$0.00 ,2,1125
730,3158243,$110.00 ,$850.00 ,"$2,350.00 ",$200.00 ,$70.00 ,1,$15.00 ,2,1125
731,8327124,$350.00 ,,,$500.00 ,$250.00 ,1,$0.00 ,3,1125
732,4311078,$295.00 ,,,,$300.00 ,1,$0.00 ,3,1125
733,3329962,$105.00 ,$675.00 ,"$1,895.00 ",$100.00 ,$60.00 ,1,$15.00 ,2,1125
734,3263071,$85.00 ,$575.00 ,"$1,795.00 ",$100.00 ,$60.00 ,1,$15.00 ,1,1125
735,7302675,$75.00 ,$460.00 ,,$800.00 ,,2,$0.00 ,3,14
736,6250399,$95.00 ,$680.00 ,"$1,795.00 ",$100.00 ,$60.00 ,1,$15.00 ,3,1125
737,7387294,$75.00 ,$455.00 ,"$1,950.00 ",,,1,$0.00 ,2,1125
738,7363462,$45.00 ,,,$500.00 ,$10.00 ,1,$15.00 ,1,1125
739,6796336,$30.00 ,$150.00 ,,,,1,$0.00 ,1,1125
740,8156894,$42.00 ,$259.00 ,$813.00 ,$350.00 ,$35.00 ,1,$0.00 ,4,1125
741,1150519,$250.00 ,"$1,500.00 ","$5,000.00 ",$500.00 ,$150.00 ,4,$25.00 ,2,1125
742,5969872,$43.00 ,$262.00 ,$924.00 ,,$20.00 ,1,$5.00 ,1,1125
743,9617068,$125.00 ,,,,,1,$0.00 ,1,1125
744,4438188,$112.00 ,$755.00 ,"$2,551.00 ",$500.00 ,$75.00 ,2,$20.00 ,2,1125
745,1521633,$85.00 ,$595.00 ,"$1,795.00 ",$100.00 ,$60.00 ,1,$15.00 ,4,1125
746,6623079,$63.00 ,,,,,1,$0.00 ,1,1125
747,7561254,$41.00 ,,,$500.00 ,$10.00 ,1,$15.00 ,1,1125
748,3494608,$79.00 ,$500.00 ,"$1,650.00 ",$400.00 ,$75.00 ,1,$10.00 ,5,1125
749,3085726,$70.00 ,$625.00 ,"$1,895.00 ",$150.00 ,$60.00 ,1,$15.00 ,3,1125
750,2256124,$85.00 ,$550.00 ,"$1,900.00 ",,$5.00 ,2,$25.00 ,3,31
751,7071021,$110.00 ,$680.00 ,"$1,895.00 ",$200.00 ,$60.00 ,1,$15.00 ,1,1125
752,9465815,$53.00 ,,,,,1,$0.00 ,1,1125
753,6938103,$75.00 ,,,,,1,$10.00 ,1,29
754,6913414,$125.00 ,"$1,500.00 ","$4,500.00 ",$250.00 ,$89.00 ,6,$0.00 ,2,60
755,3706719,$90.00 ,$580.00 ,"$1,795.00 ",$200.00 ,$90.00 ,1,$15.00 ,2,1125
756,8174626,$85.00 ,$550.00 ,"$1,900.00 ",$300.00 ,$50.00 ,2,$10.00 ,2,1125
757,1571230,$85.00 ,$525.00 ,"$1,695.00 ",$100.00 ,$50.00 ,1,$15.00 ,2,1125
758,4270642,$88.00 ,$600.00 ,"$1,650.00 ",$100.00 ,$50.00 ,2,$15.00 ,2,1125
759,5407311,$92.00 ,$600.00 ,"$1,895.00 ",$150.00 ,$60.00 ,1,$15.00 ,2,1125
760,9976135,$28.00 ,,,,,1,$0.00 ,1,1125
761,9558353,$70.00 ,$430.00 ,"$1,500.00 ",$100.00 ,$45.00 ,1,$15.00 ,2,1125
762,7247767,$78.00 ,$600.00 ,,,,2,$20.00 ,2,14
763,7035077,$30.00 ,$165.00 ,$600.00 ,,,1,$0.00 ,1,1125
764,7353834,$93.00 ,$595.00 ,"$1,795.00 ",$100.00 ,$60.00 ,1,$15.00 ,2,1125
765,9319891,$65.00 ,$420.00 ,"$1,295.00 ",$150.00 ,$60.00 ,1,$15.00 ,1,1125
766,6575407,$120.00 ,,,,,1,$0.00 ,1,1125
767,7550234,$40.00 ,,,$500.00 ,$10.00 ,1,$15.00 ,1,1125
768,8939736,$43.00 ,,,$500.00 ,$10.00 ,1,$15.00 ,1,1125
769,7247720,$70.00 ,$500.00 ,,,,2,$20.00 ,2,10
770,1786923,$90.00 ,$695.00 ,"$1,895.00 ",$150.00 ,$60.00 ,1,$20.00 ,2,1125
771,7649837,$90.00 ,$700.00 ,,,,1,$0.00 ,2,1125
772,3610724,$85.00 ,,,,$15.00 ,2,$10.00 ,1,7
773,7988337,$115.00 ,$750.00 ,"$3,000.00 ",$100.00 ,$25.00 ,3,$20.00 ,1,1125
774,1773803,$89.00 ,$600.00 ,"$1,995.00 ",$100.00 ,$25.00 ,2,$20.00 ,1,90
775,7536074,$185.00 ,,,,,1,$0.00 ,1,1125
776,3770248,$85.00 ,$580.00 ,"$1,595.00 ",$100.00 ,$60.00 ,1,$15.00 ,1,1125
777,9097754,$135.00 ,,,$400.00 ,$99.00 ,1,$0.00 ,2,30
778,3291295,$95.00 ,,,$95.00 ,,2,$10.00 ,2,1125
779,8171726,$306.00 ,,,$250.00 ,$108.00 ,6,$40.00 ,1,180
780,10031055,$29.00 ,,,,,1,$21.00 ,1,3
781,8939595,$47.00 ,,,$500.00 ,$10.00 ,1,$15.00 ,1,1125
782,8155580,$50.00 ,$275.00 ,$880.00 ,$350.00 ,$35.00 ,1,$0.00 ,4,1125
783,6705584,$105.00 ,$680.00 ,"$1,895.00 ",$150.00 ,$60.00 ,1,$15.00 ,1,1125
784,1417880,$83.00 ,$550.00 ,"$1,650.00 ",$150.00 ,$55.00 ,1,$15.00 ,3,1125
785,7245692,$73.00 ,$445.00 ,"$1,390.00 ",,$25.00 ,2,$25.00 ,1,1125
786,7153101,$92.00 ,,,$225.00 ,$80.00 ,2,$10.00 ,1,28
787,9014572,$69.00 ,$400.00 ,"$1,400.00 ",,,1,$0.00 ,1,1125
788,585418,$59.00 ,$405.00 ,,,,1,$26.00 ,1,10
789,4484426,$145.00 ,"$1,200.00 ","$2,995.00 ",$250.00 ,$90.00 ,2,$20.00 ,1,1125
790,3291777,$95.00 ,$650.00 ,"$1,850.00 ",$100.00 ,$60.00 ,1,$12.00 ,2,1125
791,3096191,$150.00 ,$950.00 ,"$2,895.00 ",$100.00 ,$90.00 ,2,$15.00 ,1,1125
792,9865846,$85.00 ,,,,,1,$0.00 ,1,1125
793,6249536,$98.00 ,$625.00 ,"$1,695.00 ",$150.00 ,$60.00 ,1,$15.00 ,2,1125
794,5744931,$110.00 ,$780.00 ,"$2,400.00 ",$300.00 ,$60.00 ,1,$10.00 ,2,1125
795,8156764,$42.00 ,$259.00 ,$813.00 ,$350.00 ,$35.00 ,1,$0.00 ,4,1125
796,3303857,$95.00 ,$675.00 ,"$1,895.00 ",$150.00 ,$60.00 ,1,$15.00 ,2,1125
797,8155710,$42.00 ,$259.00 ,$813.00 ,$350.00 ,$35.00 ,1,$0.00 ,4,1125
798,3843706,$250.00 ,"$1,250.00 ","$3,500.00 ",$800.00 ,$120.00 ,1,$0.00 ,3,1125
799,8156860,$42.00 ,$259.00 ,$813.00 ,$350.00 ,$35.00 ,1,$0.00 ,4,1125
800,9316399,$40.00 ,,,,$5.00 ,1,$0.00 ,1,1
801,293890,$80.00 ,$450.00 ,"$1,250.00 ",$200.00 ,$35.00 ,4,$15.00 ,2,60
802,7915432,$40.00 ,,,,,1,$10.00 ,1,1125
803,7501583,$275.00 ,,,,$75.00 ,1,$0.00 ,1,1125
804,10126050,$47.00 ,,,,,1,$0.00 ,1,1125
805,7807658,$118.00 ,,,,,1,$0.00 ,1,1125
806,1589461,$105.00 ,$695.00 ,"$1,895.00 ",$150.00 ,$60.00 ,1,$15.00 ,3,1125
807,9303530,$150.00 ,$900.00 ,"$2,895.00 ",$150.00 ,$90.00 ,2,$15.00 ,1,1125
808,7809718,$250.00 ,"$1,100.00 ",,,$100.00 ,1,$0.00 ,2,1125
809,140331,$88.00 ,$480.00 ,"$1,800.00 ",,$30.00 ,3,$15.00 ,1,730
810,9462315,$139.00 ,$600.00 ,"$1,800.00 ",,,1,$0.00 ,1,1125
811,565703,$128.00 ,$762.00 ,"$2,688.00 ",$100.00 ,$10.00 ,3,$25.00 ,2,90
812,1147349,$110.00 ,,,,$25.00 ,2,$25.00 ,2,1125
813,7262358,$210.00 ,"$1,300.00 ","$3,640.00 ",$300.00 ,$80.00 ,1,$0.00 ,1,1125
814,723723,$155.00 ,$800.00 ,"$1,850.00 ",$300.00 ,$70.00 ,2,$40.00 ,20,120
815,4757025,$168.00 ,"$1,000.00 ",,$250.00 ,$45.00 ,4,$20.00 ,1,1125
816,3334052,$62.00 ,$450.00 ,,,$50.00 ,1,$0.00 ,2,10
817,7036707,$80.00 ,$450.00 ,"$1,400.00 ",$100.00 ,$25.00 ,1,$0.00 ,2,1125
818,5272327,$105.00 ,,,$200.00 ,$95.00 ,1,$0.00 ,2,1125
819,3921664,$50.00 ,,,$95.00 ,$10.00 ,2,$15.00 ,1,14
820,9974658,$70.00 ,,,$300.00 ,$50.00 ,1,$20.00 ,20,120
821,2727984,$165.00 ,,,$250.00 ,,1,$0.00 ,2,7
822,794633,$79.00 ,,,,$6.00 ,2,$30.00 ,1,1125
823,3959442,$95.00 ,$550.00 ,"$2,000.00 ",,$50.00 ,1,$0.00 ,3,32
824,6761267,$90.00 ,$600.00 ,"$2,300.00 ",,$26.00 ,1,$0.00 ,1,1125
825,6824408,$380.00 ,,,$300.00 ,$100.00 ,4,$40.00 ,3,28
826,2526129,$225.00 ,"$1,400.00 ",,$500.00 ,$150.00 ,4,$0.00 ,3,29
827,7859906,$60.00 ,$400.00 ,"$1,400.00 ",,,1,$0.00 ,1,1125
828,9636248,$100.00 ,,,$100.00 ,$20.00 ,2,$25.00 ,2,1125
829,4623541,$157.00 ,"$1,000.00 ","$2,500.00 ",,$100.00 ,5,$60.00 ,2,1125
830,1970725,$110.00 ,,,,$30.00 ,1,$0.00 ,3,1125
831,4418480,$150.00 ,"$1,200.00 ","$5,200.00 ",,$30.00 ,1,$0.00 ,2,30
832,911001,$203.00 ,$827.00 ,"$2,999.00 ",$750.00 ,$140.00 ,1,$0.00 ,7,120
833,6670332,$145.00 ,"$1,050.00 ",,,$100.00 ,4,$25.00 ,2,30
834,1249060,$85.00 ,,"$2,600.00 ",$250.00 ,$83.00 ,2,$35.00 ,1,70
835,1566487,$79.00 ,$643.00 ,"$2,268.00 ",$300.00 ,$70.00 ,2,$20.00 ,1,1125
836,9711153,$40.00 ,,,,,1,$0.00 ,1,1125
837,444221,$49.00 ,$292.00 ,"$1,029.00 ",$100.00 ,$5.00 ,1,$5.00 ,1,1125
838,1018204,$56.00 ,$333.00 ,"$1,176.00 ",$100.00 ,$5.00 ,1,$5.00 ,1,30
839,4856986,$330.00 ,"$1,850.00 ",,$300.00 ,$75.00 ,6,$25.00 ,1,1125
840,2130652,$150.00 ,,,,$40.00 ,2,$10.00 ,2,1125
841,5524530,$350.00 ,,,$200.00 ,$120.00 ,1,$0.00 ,1,14
842,9216874,$145.00 ,,,,$60.00 ,4,$60.00 ,2,1125
843,7971395,$67.00 ,$480.00 ,,,$18.00 ,2,$0.00 ,1,1125
844,2593263,$69.00 ,$500.00 ,,,,1,$15.00 ,2,1125
845,443580,$52.00 ,$309.00 ,"$1,092.00 ",$100.00 ,$5.00 ,1,$5.00 ,1,365
846,1614502,$75.00 ,,,,$35.00 ,1,$0.00 ,2,15
847,4477426,$90.00 ,,,,,1,$0.00 ,1,50
848,7648716,$130.00 ,,,$150.00 ,$30.00 ,2,$25.00 ,1,1125
849,9696912,$65.00 ,,,,$55.00 ,1,$0.00 ,3,1125
850,3585592,$155.00 ,,,,$25.00 ,1,$0.00 ,1,1125
851,3757858,$79.00 ,,,,,0,$0.00 ,1,1125
852,7219838,$60.00 ,,,,$5.00 ,2,$5.00 ,1,4
853,6022715,$115.00 ,,,,,1,$0.00 ,7,1125
854,7685745,$60.00 ,$400.00 ,"$1,600.00 ",,,1,$10.00 ,2,1125
855,4565370,$70.00 ,,,,,1,$0.00 ,1,1125
856,4783817,$80.00 ,$550.00 ,"$1,650.00 ",$550.00 ,$35.00 ,1,$0.00 ,2,29
857,2593176,$70.00 ,$400.00 ,,,,2,$25.00 ,2,1125
858,3143227,$55.00 ,$325.00 ,"$1,200.00 ",,,1,$15.00 ,2,20
859,1214306,$72.00 ,,,$150.00 ,$30.00 ,2,$20.00 ,2,1125
860,9448215,$67.00 ,,,,,1,$0.00 ,1,1125
861,9369481,$58.00 ,,,,,1,$0.00 ,1,1125
862,3533224,$70.00 ,,,,$15.00 ,1,$10.00 ,1,1125
863,443736,$81.00 ,$482.00 ,"$1,701.00 ",$200.00 ,$5.00 ,2,$10.00 ,1,365
864,6675927,$58.00 ,,,,$30.00 ,1,$0.00 ,1,1125
865,1772119,$58.00 ,$430.00 ,,$200.00 ,$30.00 ,1,$0.00 ,2,29
866,7808495,$100.00 ,$700.00 ,,$200.00 ,$35.00 ,1,$0.00 ,1,1125
867,4539948,$110.00 ,$850.00 ,,,,0,$0.00 ,2,1125
868,7768727,$75.00 ,$500.00 ,"$1,600.00 ",,,1,$0.00 ,2,1125
869,769213,$124.00 ,$738.00 ,,,,1,$0.00 ,3,7
870,5328449,$150.00 ,"$1,000.00 ","$3,500.00 ",$300.00 ,,2,$20.00 ,2,1125
871,1763809,$65.00 ,$450.00 ,,,,1,$15.00 ,2,29
872,1499596,$225.00 ,,,,,1,$0.00 ,2,1125
873,4737727,$70.00 ,$440.00 ,,,,1,$0.00 ,12,1125
874,8242212,$105.00 ,$625.00 ,"$2,550.00 ",$200.00 ,$60.00 ,1,$0.00 ,1,1125
875,8186781,$158.00 ,"$1,250.00 ","$3,500.00 ",,$60.00 ,2,$25.00 ,2,90
876,7229015,$69.00 ,$499.00 ,"$1,890.00 ",$300.00 ,$25.00 ,1,$5.00 ,2,1125
877,5814207,$80.00 ,$450.00 ,"$1,500.00 ",,$60.00 ,1,$0.00 ,2,18
878,2274086,$99.00 ,,,,$19.00 ,2,$30.00 ,1,3
879,4387985,$165.00 ,,"$4,800.00 ",$250.00 ,$60.00 ,4,$20.00 ,2,1125
880,9909445,$70.00 ,$450.00 ,"$1,500.00 ",$250.00 ,$15.00 ,1,$0.00 ,1,1125
881,7664899,$118.00 ,$700.00 ,,$500.00 ,$100.00 ,2,$75.00 ,1,1125
882,4773614,$100.00 ,,,,,1,$0.00 ,4,1125
883,3946674,$90.00 ,,,,,1,$10.00 ,1,5
884,8616488,$81.00 ,$553.00 ,"$2,350.00 ",$100.00 ,$65.00 ,1,$0.00 ,1,1125
885,7518316,$70.00 ,,,$250.00 ,$45.00 ,2,$50.00 ,1,1125
886,5259194,$69.00 ,,,,$25.00 ,0,$0.00 ,1,1125
887,9256702,$90.00 ,,,$250.00 ,$40.00 ,1,$0.00 ,2,1125
888,9240289,$75.00 ,,,,,1,$0.00 ,1,1125
889,2032805,$70.00 ,$485.00 ,,$200.00 ,$30.00 ,1,$0.00 ,2,29
890,3751503,$179.00 ,"$1,499.00 ",,,,2,$20.00 ,1,1125
891,7581974,$105.00 ,,,$115.00 ,$25.00 ,2,$0.00 ,1,7
892,6558980,$110.00 ,$843.00 ,"$2,799.00 ","$1,000.00 ",$65.00 ,2,$20.00 ,2,1125
893,2399736,$150.00 ,,,,$40.00 ,2,$10.00 ,2,1125
894,8674765,$75.00 ,$450.00 ,,,,1,$0.00 ,3,9
895,6004165,$75.00 ,$476.00 ,"$1,253.00 ",,$30.00 ,2,$30.00 ,2,1125
896,1826155,$111.00 ,$850.00 ,,$200.00 ,$30.00 ,2,$0.00 ,2,29
897,4857192,$108.00 ,,,$120.00 ,$25.00 ,2,$0.00 ,1,7
898,7748905,$82.00 ,$500.00 ,"$1,743.00 ",,,1,$0.00 ,2,30
899,973859,$115.00 ,,,$250.00 ,$100.00 ,3,$30.00 ,2,1125
900,6716380,$220.00 ,,,,$75.00 ,4,$20.00 ,2,1125
901,7953211,$114.00 ,$762.00 ,"$2,688.00 ",$500.00 ,$50.00 ,2,$20.00 ,3,1125
902,5241773,$59.00 ,,,,$25.00 ,0,$0.00 ,1,1125
903,3144597,$54.00 ,$300.00 ,,,,1,$20.00 ,2,14
904,7698916,$75.00 ,,,,$10.00 ,1,$20.00 ,1,1125
905,7305969,$90.00 ,,,,$30.00 ,1,$0.00 ,1,1125
906,5069495,$95.00 ,,,$150.00 ,$15.00 ,2,$40.00 ,2,10
907,1817878,$160.00 ,,,$400.00 ,$100.00 ,4,$10.00 ,3,365
908,4430381,$175.00 ,"$1,400.00 ","$4,000.00 ",,$60.00 ,1,$0.00 ,3,30
909,6528192,$37.00 ,$235.00 ,$850.00 ,,$20.00 ,1,$10.00 ,2,90
910,3177005,$199.00 ,,,$300.00 ,$80.00 ,1,$0.00 ,2,1125
911,4430233,$200.00 ,"$1,400.00 ","$4,000.00 ",,$60.00 ,1,$0.00 ,3,30
912,670009,$175.00 ,,"$3,600.00 ",$300.00 ,$80.00 ,3,$20.00 ,3,180
913,4577542,$120.00 ,$750.00 ,,$150.00 ,$50.00 ,2,$20.00 ,2,25
914,6764646,$160.00 ,,,$150.00 ,$25.00 ,1,$0.00 ,3,1125
915,4256705,$125.00 ,$500.00 ,,,,1,$0.00 ,2,8
916,8812578,$150.00 ,$625.00 ,"$2,415.00 ",$200.00 ,$60.00 ,1,$0.00 ,1,1125
917,341454,$175.00 ,"$1,400.00 ","$4,000.00 ",,$60.00 ,1,$0.00 ,3,90
918,8195629,$100.00 ,,,$95.00 ,$10.00 ,1,$0.00 ,1,1125
919,2577625,$90.00 ,$450.00 ,"$1,800.00 ",$100.00 ,,1,$0.00 ,5,30
920,555858,$95.00 ,$595.00 ,"$1,900.00 ",$250.00 ,$50.00 ,1,$0.00 ,2,180
921,4814811,$92.00 ,$595.00 ,"$2,185.00 ",,$29.00 ,1,$29.00 ,1,1125
922,9484823,$90.00 ,,,,,1,$0.00 ,1,1125
923,660603,$79.00 ,,"$1,260.00 ",$200.00 ,$80.00 ,1,$0.00 ,7,270
924,3940265,$72.00 ,,,$150.00 ,$30.00 ,2,$20.00 ,2,1125
925,7500976,$115.00 ,$550.00 ,"$2,200.00 ",$500.00 ,$80.00 ,4,$30.00 ,3,1125
926,9516608,$270.00 ,,,$300.00 ,$100.00 ,1,$0.00 ,1,1125
927,9712716,$65.00 ,,,,$55.00 ,1,$0.00 ,1,1125
928,5813657,$300.00 ,,,$300.00 ,$100.00 ,10,$40.00 ,1,1125
929,8884826,$122.00 ,,,$250.00 ,$49.00 ,2,$15.00 ,1,1125
930,1978743,$87.00 ,$600.00 ,,$200.00 ,$30.00 ,1,$0.00 ,2,29
931,6091789,$200.00 ,"$1,000.00 ",,,,1,$0.00 ,5,7
932,6165353,$156.00 ,,,$95.00 ,$25.00 ,3,$25.00 ,2,30
933,1244053,$90.00 ,$500.00 ,,$200.00 ,$35.00 ,1,$0.00 ,3,1125
934,8508223,$325.00 ,,,$500.00 ,$125.00 ,6,$25.00 ,1,1125
935,6991188,$115.00 ,$845.00 ,"$2,942.00 ",$100.00 ,$10.00 ,2,$25.00 ,2,1125
936,7344117,$425.00 ,,,,$85.00 ,4,$25.00 ,1,1125
937,9506766,$119.00 ,,,$300.00 ,$25.00 ,2,$25.00 ,1,1125
938,6451305,$220.00 ,"$2,000.00 ","$7,000.00 ",$250.00 ,$125.00 ,6,$10.00 ,3,1125
939,7531405,$85.00 ,$660.00 ,,$150.00 ,$40.00 ,2,$15.00 ,2,21
940,9612147,$100.00 ,,,$200.00 ,$100.00 ,4,$50.00 ,1,30
941,666897,$99.00 ,$595.00 ,"$2,250.00 ",$350.00 ,$60.00 ,1,$20.00 ,3,365
942,4061051,$120.00 ,,,,$30.00 ,2,$60.00 ,1,1125
943,3394338,$150.00 ,,,,,2,$25.00 ,2,1125
944,4238106,$75.00 ,,,,$10.00 ,1,$0.00 ,2,1125
945,7350059,$90.00 ,$500.00 ,"$2,200.00 ",,$35.00 ,2,$15.00 ,1,14
946,5262750,$125.00 ,$700.00 ,"$1,500.00 ",$700.00 ,$30.00 ,2,$10.00 ,3,1125
947,2802844,$90.00 ,,,,$20.00 ,1,$0.00 ,2,1125
948,3123632,$200.00 ,"$1,300.00 ",,,,2,$0.00 ,5,1125
949,3024336,$200.00 ,"$1,200.00 ",,$350.00 ,$75.00 ,2,$10.00 ,2,10
950,8652185,$287.00 ,"$2,037.00 ",,$500.00 ,$117.00 ,6,$40.00 ,2,1125
951,10192213,$90.00 ,,,,,1,$0.00 ,1,1125
952,3970736,$90.00 ,$628.00 ,"$2,218.00 ",$350.00 ,$45.00 ,2,$15.00 ,3,29
953,4546924,$150.00 ,,"$2,800.00 ",$300.00 ,$125.00 ,2,$25.00 ,1,120
954,2760901,$119.00 ,$750.00 ,"$2,500.00 ",,,1,$0.00 ,3,1125
955,3490239,$150.00 ,,,$200.00 ,$100.00 ,4,$0.00 ,4,1125
956,3416217,$170.00 ,,,,,2,$20.00 ,3,1125
957,5537833,$150.00 ,$945.00 ,"$2,990.00 ",$600.00 ,$60.00 ,4,$75.00 ,7,1125
958,8372562,$279.00 ,"$1,159.00 ","$3,995.00 ",$250.00 ,$200.00 ,1,$0.00 ,3,1125
959,8866960,$55.00 ,$300.00 ,,,,1,$0.00 ,2,1125
960,3354614,$125.00 ,$750.00 ,"$2,250.00 ",$150.00 ,$35.00 ,2,$10.00 ,2,365
961,8953857,$129.00 ,$800.00 ,"$3,000.00 ",,,3,$50.00 ,2,31
962,7093738,$90.00 ,,,,$30.00 ,2,$0.00 ,1,1125
963,5277900,$199.00 ,"$1,500.00 ",,$250.00 ,$90.00 ,1,$0.00 ,3,1125
964,1171574,$65.00 ,,,,,2,$0.00 ,2,1125
965,1818754,$200.00 ,"$1,200.00 ","$3,600.00 ",$300.00 ,$112.00 ,4,$25.00 ,3,15
966,74328,$92.00 ,$600.00 ,"$1,800.00 ",$250.00 ,$75.00 ,3,$0.00 ,2,365
967,6728017,$257.00 ,"$1,529.00 ","$5,397.00 ",$250.00 ,$100.00 ,6,$25.00 ,2,1125
968,2612399,$79.00 ,,,,,1,$0.00 ,3,365
969,2515795,$200.00 ,"$1,250.00 ","$4,750.00 ","$1,000.00 ",$200.00 ,1,$0.00 ,3,365
970,7093910,$80.00 ,,,,$30.00 ,2,$0.00 ,1,1125
971,4170863,$85.00 ,$495.00 ,"$1,700.00 ",$100.00 ,$20.00 ,2,$50.00 ,1,1125
972,7941079,$65.00 ,$398.00 ,"$1,500.00 ",$175.00 ,$15.00 ,1,$29.00 ,1,1125
973,1442973,$105.00 ,$625.00 ,"$2,205.00 ",,$58.00 ,2,$15.00 ,2,31
974,4396961,$59.00 ,,,,,1,$25.00 ,2,7
975,5859152,$59.00 ,$398.00 ,"$1,500.00 ",$175.00 ,$16.00 ,1,$29.00 ,1,1125
976,8555794,$75.00 ,,,,,1,$0.00 ,1,1125
977,2112625,$56.00 ,$345.00 ,"$1,060.00 ",,$30.00 ,1,$19.00 ,2,260
978,8814802,$100.00 ,,,,,1,$0.00 ,1,1125
979,8273948,$85.00 ,,,$150.00 ,,1,$0.00 ,2,1125
980,319768,$135.00 ,$920.00 ,"$3,400.00 ",,$100.00 ,3,$20.00 ,5,30
981,1961671,$200.00 ,$600.00 ,,$200.00 ,$75.00 ,6,$20.00 ,2,14
982,3691288,$163.00 ,,,$200.00 ,$85.00 ,4,$25.00 ,2,1125
983,8703557,$83.00 ,$552.00 ,"$2,208.00 ",$250.00 ,$25.00 ,1,$0.00 ,1,1125
984,8525338,$210.00 ,,,,,1,$0.00 ,1,1125
985,8049470,$59.00 ,$350.00 ,"$1,200.00 ",,,1,$0.00 ,1,1125
986,1455908,$135.00 ,"$1,400.00 ","$4,500.00 ",$350.00 ,$50.00 ,1,$0.00 ,2,14
987,8525825,$75.00 ,$420.00 ,"$1,500.00 ",,,1,$0.00 ,1,1125
988,3463245,$109.00 ,$541.00 ,$950.00 ,,,1,$0.00 ,2,1125
989,4172364,$55.00 ,,,,,1,$25.00 ,2,7
990,3728802,$500.00 ,,,$500.00 ,$250.00 ,1,$0.00 ,3,30
991,6512378,$55.00 ,$275.00 ,,,,1,$0.00 ,1,1125
992,785830,$400.00 ,"$2,700.00 ","$10,000.00 ",,$120.00 ,1,$0.00 ,5,365
993,8616606,$105.00 ,$850.00 ,"$2,800.00 ",,$85.00 ,1,$0.00 ,2,1125
994,5078244,$39.00 ,$250.00 ,,,,1,$0.00 ,1,1125
995,7921278,$50.00 ,$325.00 ,"$1,300.00 ",$99.00 ,$50.00 ,1,$15.00 ,1,33
996,8016610,$129.00 ,,,$200.00 ,$78.00 ,4,$50.00 ,2,15
997,4468524,$44.00 ,,,,,0,$0.00 ,2,7
998,8424532,$350.00 ,,,$500.00 ,$250.00 ,1,$0.00 ,7,1125
999,6990882,$300.00 ,,,$300.00 ,$110.00 ,8,$0.00 ,1,1125
1000,4017140,$53.00 ,$315.00 ,,,,0,$0.00 ,2,21
