cancellation_id,listing_id,instant_bookable,cancellation_policy,calculated_host_listings_count,reviews_per_month
1,241032,f,moderate,2,4.07
2,953595,f,strict,6,1.48
3,3308979,f,strict,2,1.15
4,7421966,f,flexible,1,
5,278830,f,strict,1,0.89
6,5956968,f,strict,1,2.45
7,1909058,f,moderate,1,2.46
8,856550,f,strict,5,4.73
9,4948745,f,strict,1,1.22
10,2493658,f,strict,6,1.55
11,175576,f,moderate,1,3.33
12,4454295,f,strict,1,0.98
13,3883392,f,moderate,1,0.92
14,8889257,f,strict,1,3
15,5680462,t,strict,1,2.65
16,8988178,f,strict,1,0.73
17,3245876,f,moderate,1,4.55
18,4933447,t,moderate,1,4.58
19,7735464,f,flexible,1,
20,6291829,f,flexible,1,0.82
21,9218403,f,flexible,1,1
22,4125779,f,moderate,1,0.71
23,8942678,f,flexible,1,0.86
24,10106055,f,flexible,1,
25,6362362,f,moderate,1,0.18
26,3544550,f,strict,2,1.3
27,9025039,f,flexible,1,
28,3200646,f,strict,5,4.38
29,8859380,t,moderate,1,2.47
30,4520099,f,strict,1,0.33
31,2481869,f,strict,6,1.86
32,1110749,f,strict,8,2.18
33,5978498,f,flexible,1,1.31
34,5021081,t,strict,1,0.99
35,1686930,f,strict,1,2.27
36,7680289,t,moderate,2,4.35
37,7207641,f,strict,1,0.97
38,5062445,f,flexible,1,0.9
39,8925878,t,moderate,2,0.83
40,6389657,f,flexible,1,1.98
41,4218733,f,moderate,1,4.7
42,2715623,f,strict,1,0.46
43,1392332,f,moderate,1,1.38
44,7308567,f,moderate,1,3.35
45,6575380,f,flexible,1,1.99
46,6004058,f,flexible,1,2.29
47,9550869,f,strict,1,
48,8515408,f,moderate,1,1.06
49,5383192,f,moderate,1,0.16
50,1112092,t,moderate,1,0.8
51,7772661,f,moderate,1,2
52,9254900,f,flexible,1,
53,7714294,t,moderate,2,0.64
54,10310373,f,flexible,1,
55,9368342,f,strict,1,
56,6361863,f,moderate,1,5.64
57,8105221,f,flexible,1,2.5
58,3269390,t,moderate,1,4.12
59,4566393,f,moderate,1,
60,9282409,f,moderate,1,1.3
61,8095168,f,flexible,2,0.25
62,2746782,f,strict,5,5.24
63,6424982,f,flexible,1,7.06
64,762029,f,strict,5,4.96
65,8988281,f,moderate,1,
66,7077910,f,strict,1,1.82
67,3772674,t,moderate,1,3.94
68,7021906,f,strict,1,1.38
69,7618605,f,flexible,1,1.01
70,10234558,f,flexible,1,
71,7021702,f,flexible,1,
72,7680439,f,flexible,1,3.29
73,4258515,f,strict,1,3.07
74,1148517,f,moderate,1,1.44
75,2487892,f,flexible,1,3.46
76,3038772,f,moderate,1,4.43
77,699460,f,moderate,1,3.85
78,4085439,t,flexible,1,0.38
79,8053990,f,moderate,3,3.75
80,7011773,f,flexible,3,
81,2467550,f,strict,1,
82,2686374,t,moderate,2,7.84
83,1956274,f,strict,1,2.11
84,8537192,f,flexible,2,
85,5919096,f,strict,2,0.26
86,6516529,f,strict,1,
87,3294243,f,moderate,1,1.48
88,10210971,f,flexible,1,
89,3584790,f,moderate,1,
90,1266459,f,strict,1,0.3
91,9098059,f,flexible,2,
92,408526,f,strict,1,
93,4118282,f,moderate,1,6.07
94,6813483,f,moderate,1,1.75
95,6590264,f,strict,1,0.82
96,2650482,f,flexible,1,0.64
97,20927,t,moderate,2,3.64
98,4395578,f,strict,31,0.11
99,4995903,f,flexible,1,
100,5549211,f,strict,1,4.05
101,8240758,f,moderate,1,0.62
102,6856295,t,moderate,1,6.87
103,6881188,f,moderate,1,3.75
104,1579615,t,strict,1,1.55
105,3766866,f,moderate,1,0.82
106,2406966,f,strict,2,0.77
107,4872699,t,strict,1,0.09
108,5470629,f,moderate,1,3.39
109,2950213,t,flexible,1,1.84
110,9015088,t,moderate,2,3.95
111,3979496,f,moderate,1,1.89
112,7501919,f,flexible,1,1.37
113,4732995,t,moderate,1,0.83
114,7134759,f,moderate,3,3.87
115,4532538,f,strict,1,1
116,7534398,f,moderate,1,3.38
117,9387189,f,flexible,1,1
118,6337492,f,flexible,1,0.65
119,10231701,t,flexible,1,
120,1609922,f,moderate,1,0.96
121,4236723,t,moderate,2,7.53
122,7843837,f,flexible,1,
123,3076065,f,strict,1,1.22
124,6423204,f,strict,1,5.87
125,8338849,f,flexible,2,1.91
126,6401209,f,strict,1,2.05
127,20928,t,moderate,2,6.23
128,3344977,f,moderate,1,3.11
129,7604621,t,moderate,1,3.55
130,3303978,f,moderate,1,2.22
131,7067082,f,moderate,1,1.68
132,3121829,f,moderate,1,0.34
133,2539881,f,flexible,1,0.2
134,3678718,f,moderate,1,4.67
135,4694479,f,moderate,2,5.32
136,6646843,f,moderate,1,5.79
137,1364440,f,moderate,1,0.68
138,1781873,f,strict,1,2.56
139,4138423,f,moderate,2,2.61
140,5562674,f,strict,1,7.2
141,1789341,f,strict,2,0.82
142,4672934,f,strict,1,1.06
143,4550099,f,strict,1,0.22
144,1198799,f,moderate,1,1.84
145,5308429,f,flexible,1,1.65
146,2769088,f,flexible,1,0.61
147,7603135,t,flexible,1,0.85
148,9374365,f,strict,1,3.96
149,6106498,t,moderate,1,2.82
150,9331449,f,strict,1,2
151,8799162,f,flexible,1,
152,4317390,f,moderate,1,2.87
153,3884851,f,moderate,1,3.86
154,3155785,f,moderate,1,0.82
155,9368517,f,flexible,1,
156,5643240,f,moderate,1,1.21
157,5042014,f,moderate,1,1.25
158,7724630,f,flexible,1,0.3
159,9449437,f,strict,1,
160,3053237,f,strict,1,4.28
161,8132347,f,flexible,1,
162,63733,f,moderate,1,2.18
163,2039149,t,strict,8,5.15
164,227636,t,strict,1,2.59
165,3689119,f,flexible,1,2.85
166,1179538,f,strict,1,1.3
167,6823781,t,strict,1,4.29
168,2284536,f,moderate,2,4.89
169,5143441,f,flexible,2,4.51
170,5749958,f,moderate,1,3.4
171,9116815,f,flexible,1,
172,7731836,f,flexible,1,3
173,10262971,f,flexible,1,
174,1407502,f,strict,1,0.47
175,8817038,f,flexible,1,5.22
176,4449303,t,strict,1,5.02
177,8255615,t,flexible,1,0.85
178,4053092,f,flexible,1,1.58
179,6886633,t,moderate,1,12.15
180,8820414,f,flexible,1,
181,3052151,f,flexible,1,0.98
182,2339333,f,moderate,1,0.95
183,1618842,f,moderate,1,4.79
184,888967,f,flexible,2,2.14
185,380950,f,strict,2,0.28
186,8097708,f,strict,8,0.25
187,5671843,f,moderate,1,3.31
188,904057,f,strict,1,3.57
189,7161725,f,moderate,1,1.24
190,9587410,f,flexible,1,2
191,9202380,f,flexible,1,
192,2238105,f,moderate,1,2.7
193,9545766,f,flexible,1,
194,2441908,f,flexible,1,3.3
195,9367465,f,flexible,1,0.86
196,3031415,f,strict,8,5.63
197,843812,f,moderate,2,0.29
198,3835995,f,flexible,1,9.14
199,9732638,f,moderate,1,
200,3768745,f,flexible,1,2.27
201,3975434,f,flexible,1,1.04
202,5620928,f,flexible,1,1.86
203,7381677,f,strict,1,2.52
204,5487934,f,moderate,1,0.26
205,9028447,f,moderate,1,1
206,757840,f,moderate,1,2.56
207,8848403,f,flexible,2,2
208,7430926,t,strict,1,5.92
209,7021544,f,strict,5,3.15
210,1323446,f,moderate,1,4.59
211,3925573,f,strict,1,0.32
212,8723086,f,moderate,1,5
213,781474,f,moderate,2,0.03
214,9812439,f,strict,5,
215,3401644,f,moderate,1,0.31
216,10036903,f,strict,1,
217,5310193,f,strict,1,0.6
218,5308875,f,moderate,1,2.88
219,5052459,f,moderate,1,3.08
220,7228499,t,strict,8,7.18
221,7651653,f,strict,2,0.54
222,1494986,t,strict,4,0.35
223,1783382,f,moderate,1,0.61
224,7513198,f,moderate,1,0.21
225,8308316,t,moderate,1,1.98
226,9694921,f,flexible,1,1
227,2472850,f,strict,1,1.41
228,5487522,f,moderate,1,0.73
229,4016650,f,strict,1,3.48
230,10229434,f,flexible,1,
231,3479241,t,moderate,1,0.92
232,5848400,f,strict,31,0.5
233,6077760,t,moderate,1,2.92
234,4642956,f,moderate,1,0.1
235,1167507,f,strict,1,1.93
236,6044106,t,strict,5,5.91
237,1799255,f,flexible,1,2.29
238,8941768,f,flexible,2,0.59
239,6569950,t,flexible,1,0.2
240,7733192,f,moderate,1,2.67
241,9215782,f,strict,1,1.71
242,5175631,f,strict,1,2.57
243,6315614,f,flexible,1,
244,9134193,f,moderate,1,1
245,2481189,f,strict,1,2.41
246,8535897,f,strict,1,3.82
247,9476826,f,flexible,1,
248,3144311,f,moderate,1,0.63
249,9370007,t,strict,5,
250,6781308,t,strict,2,4.68
251,160222,f,moderate,1,0.98
252,4250367,f,flexible,1,0.53
253,8755479,f,moderate,2,0.71
254,8829156,f,flexible,2,2.66
255,5126077,f,moderate,2,0.34
256,6108796,f,strict,5,5.81
257,2692126,f,strict,1,3.45
258,6882211,f,flexible,1,
259,9573675,f,flexible,1,
260,3544953,f,flexible,1,1.02
261,2020505,f,moderate,1,2.76
262,5580457,f,moderate,1,1.7
263,1495271,f,moderate,1,0.14
264,8455865,f,strict,1,1.07
265,9679300,f,flexible,1,
266,6065566,f,strict,1,0.37
267,4645208,f,strict,1,1.57
268,6115807,f,strict,1,1.53
269,7091397,f,moderate,1,1.98
270,6134153,f,strict,1,1.67
271,7763878,f,moderate,1,0.24
272,8088447,f,flexible,1,0.53
273,3418349,t,moderate,1,6.39
274,9199982,f,flexible,1,4.19
275,6400000,f,moderate,1,1.46
276,6776229,t,strict,2,4.88
277,7627794,f,moderate,1,1.01
278,8374102,t,strict,5,1.42
279,6316934,f,strict,5,6.82
280,1820794,f,moderate,1,4.37
281,314180,f,strict,3,0.51
282,8670079,f,moderate,1,
283,4868135,f,strict,7,0.89
284,5336585,f,flexible,1,0.1
285,1427103,f,strict,2,2.78
286,3518808,f,moderate,1,3.18
287,8995844,f,moderate,1,0.81
288,356566,f,strict,3,0.28
289,6466388,f,moderate,2,2.86
290,4531944,f,moderate,1,2.29
291,6686072,f,strict,1,2.3
292,4384343,f,moderate,1,1.88
293,7900056,f,moderate,2,1.42
294,6378563,t,strict,2,0.67
295,5630783,f,moderate,1,2.92
296,340706,f,moderate,1,2.09
297,6202214,f,strict,1,1.97
298,1030411,f,strict,1,0.16
299,7922373,f,flexible,1,0.81
300,6156470,t,strict,2,5.71
301,2994309,f,strict,1,3.6
302,1594328,f,strict,2,0.32
303,8072920,t,moderate,1,0.87
304,6915487,f,strict,2,0.25
305,6202603,f,moderate,1,1.39
306,5286781,f,flexible,1,0.53
307,2818420,f,strict,1,0.23
308,3739681,f,moderate,1,0.69
309,7922063,f,flexible,2,0.22
310,611509,f,moderate,1,1.49
311,1802663,f,moderate,1,1.83
312,9797545,f,moderate,1,
313,9241055,f,flexible,1,
314,9294832,f,flexible,1,3.16
315,8643209,f,flexible,1,1.35
316,7258811,f,strict,37,
317,10265391,f,flexible,1,
318,132120,f,moderate,1,0.63
319,6343866,f,strict,1,1.46
320,3066740,t,flexible,1,0.89
321,4130112,f,strict,3,0.13
322,4026757,t,strict,3,5.38
323,9545281,f,flexible,1,
324,3294804,f,strict,2,0.9
325,4122325,f,moderate,1,1.79
326,8308353,f,flexible,1,1.86
327,7226013,f,flexible,1,1.85
328,5761290,f,moderate,2,1.82
329,182716,f,flexible,1,1.17
330,3050140,f,flexible,1,2.75
331,3254956,f,strict,1,1.53
332,1264287,f,strict,1,0.94
333,3404557,f,strict,37,0.33
334,3939683,f,flexible,37,0.28
335,3424242,f,strict,37,0.39
336,7985714,f,flexible,37,0.29
337,4279876,f,strict,1,4.31
338,3870253,f,moderate,1,2.38
339,2187563,t,moderate,1,1.89
340,3889299,f,strict,37,0.47
341,3889330,f,strict,37,
342,1184846,f,flexible,1,1.07
343,3626162,f,moderate,1,1.99
344,456040,f,flexible,2,4.68
345,9033154,f,moderate,1,
346,4340838,f,flexible,1,3.01
347,808811,f,strict,1,1.58
348,7368030,f,flexible,1,0.2
349,522287,f,flexible,2,4.7
350,1940787,f,strict,2,0.35
351,3732103,f,strict,37,0.35
352,43373,f,moderate,1,2.77
353,5126365,f,moderate,2,0.3
354,7182584,f,flexible,1,0.99
355,5325214,f,strict,1,1.32
356,2710274,f,moderate,2,4.06
357,5128160,f,moderate,1,0.79
358,3424114,f,strict,37,0.23
359,2776890,f,strict,1,1.29
360,4521755,t,strict,2,1.41
361,3456599,f,moderate,2,2.05
362,8207848,f,strict,8,0.27
363,10249527,f,flexible,1,
364,1252740,f,flexible,1,2.25
365,4250938,f,strict,31,0.2
366,3791920,f,moderate,1,4.23
367,4258762,t,strict,1,1.73
368,7364146,f,moderate,1,1.51
369,6765045,f,strict,1,0.88
370,3193738,f,strict,2,0.13
371,8765219,f,flexible,1,0.98
372,8174285,f,strict,3,0.41
373,3403638,f,strict,37,0.35
374,7601333,f,flexible,1,1.06
375,6707735,f,flexible,1,6.57
376,7322718,f,strict,1,0.19
377,3783162,f,strict,1,2.41
378,6606,f,strict,1,0.66
379,3889280,f,strict,37,
380,3971137,f,flexible,1,0.37
381,3889050,f,strict,37,0.18
382,799882,f,flexible,2,0.85
383,9508386,f,moderate,1,1
384,6714817,f,flexible,1,0.31
385,3773700,f,flexible,1,0.36
386,3773568,f,moderate,1,0.68
387,9313974,f,flexible,2,
388,6492880,f,strict,1,1.79
389,4879013,f,moderate,1,2.88
390,3732094,f,strict,37,0.3
391,873073,f,moderate,1,0.43
392,234898,f,strict,1,1.38
393,8533375,f,flexible,1,1.15
394,6854019,f,strict,1,
395,8418650,t,moderate,1,4.56
396,3732076,f,strict,37,0.41
397,4608592,f,flexible,1,2.45
398,4862719,f,flexible,2,5.27
399,668169,f,strict,2,0.39
400,429453,f,strict,3,0.31
401,10124808,f,flexible,1,
402,7459684,f,strict,1,3.98
403,5992645,f,strict,1,0.23
404,7917718,f,strict,1,3.72
405,2986056,f,strict,37,0.28
406,2011193,f,strict,2,0.24
407,3768626,f,flexible,1,2.57
408,2026794,f,moderate,2,4.18
409,9154294,t,moderate,1,1.76
410,430610,f,strict,4,1.69
411,3231850,f,strict,1,4.52
412,2976798,f,flexible,1,3.07
413,703058,f,moderate,1,2.16
414,7826541,f,moderate,2,0.23
415,240920,f,strict,2,0.36
416,6655233,f,moderate,2,2.57
417,9866461,t,flexible,1,1
418,7957729,f,flexible,1,
419,1428687,f,strict,1,1.12
420,4803403,f,flexible,1,0.89
421,11012,f,strict,1,0.65
422,3888924,f,strict,37,0.36
423,8842808,f,strict,1,
424,1114695,f,strict,4,1.22
425,1715582,f,moderate,1,0.92
426,6704734,f,moderate,1,
427,8555098,f,flexible,1,
428,1214316,f,moderate,2,2.63
429,7325455,f,flexible,1,1
430,6325685,t,strict,2,5.87
431,9596,f,strict,1,0.58
432,9568491,f,flexible,1,3.43
433,1747184,f,strict,1,1.29
434,8653843,f,flexible,1,0.72
435,6727729,f,moderate,1,0.81
436,3888986,f,strict,37,0.2
437,4135710,f,strict,2,
438,3652434,t,moderate,1,5.88
439,7667990,f,moderate,1,0.25
440,4047058,t,strict,3,3.08
441,7163934,f,moderate,1,1.42
442,7717478,f,flexible,1,
443,4653552,f,flexible,1,2.74
444,6915439,f,moderate,1,
445,506542,f,strict,3,1.98
446,4046863,t,strict,3,4.56
447,3915826,f,moderate,1,0.7
448,4787415,f,strict,1,
449,1602488,f,moderate,1,4.29
450,8459215,f,flexible,1,
451,10274175,f,flexible,1,
452,9167786,f,flexible,2,0.65
453,5686435,f,strict,1,0.88
454,7939058,f,moderate,1,1.54
455,8392801,f,moderate,1,1.61
456,7404370,f,moderate,1,0.37
457,3720511,f,moderate,1,0.29
458,8193332,f,flexible,1,0.86
459,7957904,t,flexible,1,0.44
460,4555997,f,moderate,1,2.23
461,2267088,t,moderate,1,2.64
462,108468,f,strict,1,0.04
463,6400379,f,moderate,2,3.07
464,5948003,f,flexible,1,3.54
465,5058086,t,moderate,1,2.76
466,1209255,f,strict,1,1.24
467,1914051,f,strict,2,2.89
468,2923529,f,flexible,1,3.18
469,1027860,f,strict,1,0.07
470,2373176,f,strict,2,3.17
471,6404427,f,moderate,1,4.26
472,8517602,t,flexible,1,7.5
473,7035240,f,flexible,1,
474,4583161,f,moderate,1,2.07
475,7967844,t,moderate,1,6.1
476,6562393,f,flexible,1,0.97
477,7807087,f,strict,1,2.54
478,5405643,f,moderate,1,5.98
479,7011200,f,flexible,1,1.92
480,610989,f,strict,1,0.04
481,7839535,f,flexible,2,1.13
482,4814894,t,flexible,1,2.34
483,186328,f,strict,1,0.04
484,7492877,f,flexible,1,1.3
485,6576228,f,flexible,1,0.88
486,241016,f,moderate,2,0.67
487,6968101,f,moderate,1,1.24
488,5648564,f,strict,1,0.41
489,4116645,f,flexible,1,1.36
490,2419879,f,flexible,1,0.32
491,6425735,f,moderate,1,0.14
492,8105351,t,strict,1,2.86
493,9136499,f,flexible,1,
494,3639023,f,moderate,1,1.18
495,6724599,f,moderate,1,1.93
496,4211629,f,moderate,1,0.51
497,7151924,f,moderate,1,1.84
498,704764,f,moderate,1,3.02
499,1796217,f,strict,6,0.6
500,4661812,f,strict,1,1.39
501,8811945,f,moderate,1,
502,1090307,f,flexible,1,2.48
503,15108,f,moderate,3,0.77
504,1882316,f,flexible,1,1.62
505,1095207,f,strict,1,0.07
506,1343805,f,flexible,1,0.04
507,9217150,f,moderate,1,1.55
508,103920,f,strict,2,0.03
509,2215336,f,strict,1,0.23
510,1483944,f,moderate,2,1.97
511,6466129,f,strict,1,5.62
512,8536441,f,strict,1,2.14
513,6262987,f,moderate,2,1.51
514,8379081,t,moderate,1,1.42
515,8365938,f,flexible,1,0.36
516,9921445,f,strict,8,
517,132160,f,strict,2,2.51
518,2033191,f,moderate,1,2.76
519,8849407,t,flexible,1,
520,9922335,f,strict,8,
521,7243974,f,strict,1,1.01
522,6490453,f,moderate,1,2.06
523,4025593,f,moderate,1,7.02
524,8556103,f,moderate,1,2
525,955506,f,strict,1,0.65
526,9868607,f,moderate,1,
527,8668073,f,strict,1,
528,790860,f,moderate,1,0.12
529,261912,f,strict,2,0.62
530,368403,f,strict,1,0.18
531,9878971,f,moderate,1,
532,5602370,f,strict,1,0.25
533,9395217,f,moderate,1,
534,7331079,f,strict,1,0.21
535,580182,t,moderate,1,2.3
536,8152191,t,moderate,1,2.77
537,103908,f,moderate,2,0.09
538,783061,f,flexible,2,0.9
539,7901725,f,flexible,1,
540,4968752,f,flexible,1,4.36
541,14386,f,strict,3,0.46
542,7517215,f,flexible,2,0.63
543,1602421,f,moderate,3,0.72
544,3821822,f,moderate,1,4.57
545,6073437,f,moderate,1,3.39
546,7917700,f,flexible,2,0.22
547,6278181,f,moderate,2,0.45
548,4279578,f,moderate,1,3.25
549,9907337,f,strict,1,
550,1796861,f,strict,2,0.8
551,4211836,f,flexible,1,0.27
552,4025954,f,flexible,1,2.06
553,6154478,f,flexible,1,1.74
554,84030,f,strict,1,1.04
555,4235559,f,strict,1,0.9
556,830948,f,strict,2,0.09
557,3468261,f,moderate,1,0.4
558,10026648,f,flexible,1,
559,9117633,f,moderate,1,
560,9158383,f,flexible,1,
561,1145590,f,strict,2,0.26
562,5020848,f,flexible,1,
563,9600159,f,flexible,1,
564,3522409,t,strict,1,7.63
565,9492873,f,flexible,1,1.62
566,5534463,f,strict,1,0.92
567,9409233,f,flexible,1,
568,9531265,f,flexible,1,
569,5364609,f,flexible,1,0.57
570,6629132,f,flexible,1,1.62
571,5489676,f,strict,2,0.26
572,9347157,f,moderate,1,3.75
573,10035644,f,strict,1,
574,8293287,t,moderate,1,2.14
575,910784,f,moderate,1,4.39
576,7071222,f,strict,3,0.6
577,8687716,f,flexible,4,0.71
578,7430679,f,flexible,1,1.4
579,180939,f,strict,2,1.72
580,6884604,f,strict,3,3.91
581,7397476,f,strict,10,1.41
582,1063855,f,strict,2,0.36
583,8865006,f,flexible,1,
584,8069192,f,flexible,1,
585,2800448,f,moderate,1,2.77
586,9076287,f,flexible,2,1.46
587,7462439,f,strict,1,0.18
588,8225635,f,strict,10,
589,2966415,f,moderate,1,1.35
590,4639465,f,moderate,1,1.12
591,7402190,f,flexible,2,4.97
592,9448719,f,flexible,1,
593,5670781,f,moderate,1,2.9
594,1905473,f,flexible,1,0.31
595,7266662,f,flexible,1,1.94
596,9095510,f,flexible,2,
597,7401854,f,flexible,2,1.75
598,5174876,f,flexible,1,5.38
599,1256883,f,strict,3,2.19
600,8072850,f,moderate,1,0.5
601,6706377,f,moderate,1,0.94
602,9738522,f,strict,10,
603,2995996,f,flexible,3,1.49
604,6674408,t,flexible,2,6.43
605,6801095,f,moderate,1,1.64
606,143704,f,moderate,1,3.29
607,9258305,f,flexible,1,
608,3727017,f,strict,1,0.19
609,789966,f,moderate,1,1.6
610,6864319,f,flexible,2,0.22
611,1539463,f,moderate,1,1.1
612,9591787,f,strict,10,
613,10279830,f,moderate,1,
614,1956553,f,strict,1,2.41
615,7396508,f,strict,10,2.19
616,6272065,f,moderate,1,1.6
617,7072218,f,flexible,1,1.36
618,7075948,f,strict,1,0.23
619,7543458,f,flexible,3,5.32
620,3769336,f,moderate,1,2.77
621,8666707,f,moderate,1,0.64
622,7205443,f,strict,3,1.69
623,193371,f,strict,3,0.62
624,9957555,f,strict,1,2
625,6795678,f,moderate,1,4.11
626,9300972,f,flexible,2,1
627,8047522,f,strict,10,1.01
628,9457328,f,moderate,1,
629,6576006,f,flexible,2,7.2
630,7971334,f,flexible,1,6.22
631,1984962,f,strict,4,1.07
632,9292039,f,strict,3,0.77
633,6661617,f,strict,1,2.52
634,8848854,f,flexible,1,0.77
635,3251069,f,flexible,2,0.32
636,4111137,f,moderate,1,1.28
637,4760472,f,moderate,1,3.58
638,8968925,f,flexible,1,
639,3293438,f,moderate,1,4.63
640,9210978,f,flexible,1,0.48
641,3319386,f,strict,1,2.34
642,7717813,f,strict,1,2.6
643,5578943,t,moderate,1,4.37
644,7660932,f,strict,2,2.19
645,4271221,f,flexible,1,5.35
646,6358605,f,flexible,1,0.88
647,1439237,f,flexible,2,1.98
648,7775167,f,moderate,1,2.21
649,7437784,f,moderate,2,
650,9628972,f,flexible,1,
651,8425013,t,strict,1,0.9
652,6925807,f,strict,1,0.2
653,7400955,t,moderate,1,0.58
654,8174389,f,flexible,1,0.29
655,6292452,f,moderate,1,0.15
656,9095668,f,moderate,1,
657,413733,f,moderate,1,5.08
658,8783900,f,strict,1,0.68
659,639130,f,strict,1,0.37
660,2484067,f,moderate,2,1.41
661,3533112,f,strict,1,0.7
662,2249292,f,strict,2,2.81
663,7838294,f,flexible,1,
664,6133354,f,flexible,1,3.24
665,7987836,f,strict,1,0.63
666,9910025,f,moderate,1,1
667,7364024,f,moderate,1,1.88
668,9362082,f,flexible,1,1
669,8847108,f,strict,1,4.23
670,7462428,f,flexible,1,2.04
671,4370312,t,moderate,1,4
672,4053972,f,moderate,1,4.05
673,6209191,f,moderate,1,0.88
674,10123910,f,strict,1,
675,6412858,f,moderate,2,0.61
676,3987838,f,moderate,1,1.34
677,7027507,f,moderate,1,0.24
678,6587443,f,moderate,2,1.13
679,10204689,f,flexible,1,
680,1029680,f,strict,1,0.32
681,7208439,t,moderate,1,2.24
682,8327765,f,strict,1,
683,3953611,f,strict,1,3.22
684,2584354,f,moderate,1,0.98
685,4574700,f,strict,1,0.32
686,5685646,f,flexible,1,6.9
687,977722,f,flexible,1,1.89
688,2931922,f,moderate,34,0.59
689,8253955,f,moderate,1,0.98
690,6426462,f,moderate,34,0.29
691,8154238,f,strict,37,
692,5020861,f,strict,1,1.36
693,9611409,f,flexible,1,
694,9282348,t,flexible,1,
695,8939306,t,strict,21,5.53
696,5423692,f,moderate,2,3.72
697,9159975,f,strict,2,
698,7561272,t,strict,21,5.42
699,7326419,f,moderate,2,2.78
700,9373607,f,flexible,1,3.6
701,6717555,f,strict,1,0.23
702,8939433,t,strict,21,5.07
703,8939503,t,strict,21,5.38
704,8742753,t,moderate,2,
705,8939687,t,strict,21,3.87
706,3793406,f,flexible,1,0.53
707,9134196,f,flexible,2,0.81
708,6007267,f,moderate,1,0.43
709,3422894,f,moderate,1,1.01
710,3630581,f,moderate,34,0.53
711,9394508,f,moderate,11,0.67
712,7348578,t,strict,21,5.26
713,8869680,t,strict,2,2.69
714,7678429,f,moderate,1,
715,2979387,f,strict,2,1.02
716,1531458,f,strict,34,1.02
717,1549973,f,moderate,34,0.25
718,1123977,t,strict,1,0.29
719,5719631,f,moderate,34,0.53
720,9580209,f,moderate,11,
721,9364220,t,flexible,2,1
722,9663221,f,moderate,11,
723,9636952,f,flexible,11,
724,8594059,f,strict,1,1.71
725,6278756,f,moderate,1,0.15
726,3679617,f,moderate,34,0.86
727,9416551,t,moderate,11,
728,8322107,f,strict,1,
729,9511676,f,moderate,1,
730,3158243,f,moderate,34,0.7
731,8327124,t,strict,1,0.65
732,4311078,f,strict,31,0.57
733,3329962,f,moderate,34,1.39
734,3263071,f,moderate,34,0.92
735,7302675,f,flexible,1,
736,6250399,f,strict,34,0.22
737,7387294,f,moderate,2,2.4
738,7363462,t,strict,21,5
739,6796336,f,flexible,1,0.23
740,8156894,f,strict,37,
741,1150519,f,strict,1,0.33
742,5969872,f,flexible,1,1.92
743,9617068,f,flexible,1,1
744,4438188,f,strict,1,2.94
745,1521633,f,strict,34,0.28
746,6623079,f,flexible,1,1.5
747,7561254,t,strict,21,2.92
748,3494608,f,strict,1,0.94
749,3085726,f,strict,34,0.07
750,2256124,t,moderate,1,3.28
751,7071021,t,strict,34,0.83
752,9465815,f,flexible,1,1
753,6938103,f,moderate,2,0.51
754,6913414,f,strict,1,2.86
755,3706719,f,moderate,34,0.35
756,8174626,t,strict,2,3.56
757,1571230,f,moderate,34,0.42
758,4270642,f,moderate,34,0.81
759,5407311,f,moderate,34,0.11
760,9976135,f,flexible,1,
761,9558353,f,moderate,11,0.77
762,7247767,t,moderate,2,3.16
763,7035077,f,flexible,1,
764,7353834,f,moderate,34,0.41
765,9319891,f,moderate,11,
766,6575407,f,flexible,1,0.29
767,7550234,t,strict,21,4.45
768,8939736,t,strict,21,4.74
769,7247720,t,moderate,2,3.1
770,1786923,f,moderate,34,0.42
771,7649837,f,strict,1,1.74
772,3610724,f,strict,1,3.88
773,7988337,t,flexible,1,3.44
774,1773803,t,strict,2,4.59
775,7536074,f,flexible,1,0.18
776,3770248,f,strict,34,0.29
777,9097754,t,strict,1,
778,3291295,f,moderate,1,0.6
779,8171726,f,strict,1,0.52
780,10031055,f,strict,1,
781,8939595,t,strict,21,5.38
782,8155580,f,strict,37,1
783,6705584,f,moderate,34,0.44
784,1417880,f,moderate,34,0.37
785,7245692,f,flexible,1,1.15
786,7153101,f,strict,2,5.8
787,9014572,t,flexible,2,
788,585418,f,moderate,1,3.63
789,4484426,f,strict,34,1.02
790,3291777,f,moderate,34,0.37
791,3096191,f,strict,11,0.44
792,9865846,f,flexible,1,1
793,6249536,f,moderate,34,0.26
794,5744931,t,strict,2,0.74
795,8156764,f,strict,37,
796,3303857,f,strict,34,1.23
797,8155710,f,strict,37,2
798,3843706,f,moderate,1,0.23
799,8156860,f,strict,37,
800,9316399,f,flexible,1,2.35
801,293890,f,moderate,1,0.4
802,7915432,f,flexible,1,0.91
803,7501583,f,flexible,1,
804,10126050,f,flexible,1,
805,7807658,f,flexible,1,0.21
806,1589461,f,strict,34,0.18
807,9303530,f,moderate,11,0.88
808,7809718,f,flexible,1,1.11
809,140331,f,moderate,1,1.68
810,9462315,f,flexible,1,
811,565703,t,flexible,3,4.67
812,1147349,f,strict,1,0.51
813,7262358,f,strict,1,0.37
814,723723,f,strict,2,1.25
815,4757025,t,moderate,1,6.92
816,3334052,f,strict,3,2.66
817,7036707,f,strict,1,4.55
818,5272327,f,strict,1,3.77
819,3921664,f,moderate,1,2
820,9974658,f,strict,2,
821,2727984,f,strict,2,0.23
822,794633,t,strict,1,8.31
823,3959442,f,moderate,1,4.27
824,6761267,t,moderate,1,7.57
825,6824408,f,strict,2,0.53
826,2526129,f,strict,1,0.16
827,7859906,f,flexible,2,3.19
828,9636248,f,flexible,1,
829,4623541,f,flexible,1,1.94
830,1970725,f,strict,1,2.19
831,4418480,t,flexible,1,0.65
832,911001,f,moderate,2,
833,6670332,f,moderate,1,2.38
834,1249060,t,strict,1,2.41
835,1566487,f,moderate,1,3.62
836,9711153,f,flexible,2,5.62
837,444221,t,strict,4,1.85
838,1018204,t,strict,4,2.41
839,4856986,f,strict,4,0.75
840,2130652,f,flexible,2,3.98
841,5524530,f,strict,5,0.85
842,9216874,f,strict,1,0.98
843,7971395,f,moderate,1,2.63
844,2593263,f,moderate,4,2.53
845,443580,t,strict,4,2.27
846,1614502,t,strict,1,3.7
847,4477426,t,moderate,1,2.33
848,7648716,f,strict,4,0.97
849,9696912,f,moderate,2,
850,3585592,f,moderate,1,0.57
851,3757858,f,flexible,2,0.95
852,7219838,f,flexible,1,3.72
853,6022715,f,flexible,1,0.16
854,7685745,f,flexible,1,2.09
855,4565370,f,flexible,2,2.47
856,4783817,f,flexible,1,0.85
857,2593176,f,moderate,4,3.13
858,3143227,f,moderate,4,3.64
859,1214306,f,strict,2,3.02
860,9448215,f,flexible,3,1
861,9369481,f,flexible,3,
862,3533224,f,moderate,1,7.63
863,443736,t,strict,4,1.14
864,6675927,f,flexible,2,7
865,1772119,f,strict,5,2.77
866,7808495,f,moderate,2,0.84
867,4539948,t,strict,1,2.65
868,7768727,f,flexible,2,3.61
869,769213,f,strict,1,6.1
870,5328449,f,moderate,1,3.83
871,1763809,f,moderate,4,3.25
872,1499596,t,moderate,2,0.45
873,4737727,f,flexible,1,0.6
874,8242212,f,flexible,2,2.31
875,8186781,f,moderate,1,4.17
876,7229015,f,strict,1,4.92
877,5814207,f,flexible,1,
878,2274086,f,moderate,1,0.86
879,4387985,f,strict,1,3.29
880,9909445,t,moderate,1,
881,7664899,f,flexible,1,0.61
882,4773614,f,flexible,1,0.16
883,3946674,f,flexible,2,2.17
884,8616488,f,strict,1,4.18
885,7518316,f,moderate,1,0.71
886,5259194,f,flexible,3,8.73
887,9256702,f,strict,1,1.8
888,9240289,f,flexible,1,
889,2032805,f,strict,5,2.13
890,3751503,f,flexible,2,1.85
891,7581974,f,strict,4,1.57
892,6558980,f,strict,1,0.71
893,2399736,f,flexible,2,3.61
894,8674765,f,flexible,1,
895,6004165,f,flexible,1,3
896,1826155,f,strict,5,3.11
897,4857192,f,strict,4,1.54
898,7748905,f,strict,1,4.83
899,973859,f,strict,2,2.62
900,6716380,f,moderate,1,1.51
901,7953211,f,flexible,3,0.9
902,5241773,f,flexible,3,9.34
903,3144597,f,flexible,1,2.3
904,7698916,f,strict,1,2.78
905,7305969,f,moderate,1,4.66
906,5069495,f,strict,2,3.21
907,1817878,f,flexible,1,0.16
908,4430381,f,strict,3,0.36
909,6528192,f,strict,1,2.86
910,3177005,f,strict,1,0.16
911,4430233,f,strict,3,0.41
912,670009,f,strict,3,1.36
913,4577542,f,flexible,1,2.52
914,6764646,f,strict,1,0.69
915,4256705,f,moderate,1,0.78
916,8812578,f,flexible,2,0.47
917,341454,f,strict,3,
918,8195629,f,flexible,2,2.7
919,2577625,f,strict,1,0.41
920,555858,f,strict,3,0.3
921,4814811,f,strict,1,2.28
922,9484823,f,flexible,3,
923,660603,f,moderate,2,0.26
924,3940265,f,strict,2,2.39
925,7500976,f,strict,1,0.58
926,9516608,f,strict,1,0.73
927,9712716,f,moderate,2,3
928,5813657,f,strict,8,2.42
929,8884826,f,moderate,1,3
930,1978743,f,strict,5,2.15
931,6091789,f,strict,1,0.19
932,6165353,f,moderate,1,0.61
933,1244053,f,moderate,2,1.05
934,8508223,f,strict,10,0.35
935,6991188,t,flexible,3,3
936,7344117,t,strict,1,5.68
937,9506766,f,moderate,1,1.4
938,6451305,f,strict,1,3.55
939,7531405,f,strict,1,2.45
940,9612147,t,strict,1,2
941,666897,f,flexible,3,2.16
942,4061051,f,strict,1,0.38
943,3394338,f,moderate,1,1.09
944,4238106,f,flexible,1,1.5
945,7350059,t,moderate,1,3.16
946,5262750,f,strict,1,3.37
947,2802844,f,moderate,2,1.07
948,3123632,f,strict,1,0.45
949,3024336,f,moderate,1,2.11
950,8652185,f,strict,1,0.77
951,10192213,f,moderate,1,
952,3970736,f,strict,1,3.11
953,4546924,t,strict,1,3.2
954,2760901,f,flexible,1,0.79
955,3490239,f,moderate,1,0.42
956,3416217,f,moderate,1,1.68
957,5537833,f,strict,1,0.71
958,8372562,f,moderate,1,1
959,8866960,f,moderate,1,1.27
960,3354614,t,moderate,1,1.56
961,8953857,f,strict,1,
962,7093738,f,strict,5,0.23
963,5277900,f,strict,1,1.04
964,1171574,f,flexible,2,5.04
965,1818754,f,strict,1,
966,74328,f,strict,1,0.95
967,6728017,f,moderate,1,0.2
968,2612399,f,flexible,2,3.12
969,2515795,f,strict,1,1.3
970,7093910,f,strict,5,0.46
971,4170863,f,moderate,1,0.32
972,7941079,f,strict,3,1.54
973,1442973,t,strict,1,0.5
974,4396961,f,flexible,4,3.6
975,5859152,f,strict,3,3.31
976,8555794,f,flexible,3,
977,2112625,f,flexible,1,0.75
978,8814802,f,flexible,1,
979,8273948,f,moderate,1,3.55
980,319768,f,moderate,1,0.11
981,1961671,f,strict,2,0.9
982,3691288,f,strict,1,2.83
983,8703557,f,flexible,1,
984,8525338,f,flexible,3,
985,8049470,f,flexible,1,3.41
986,1455908,f,flexible,1,1.13
987,8525825,f,flexible,3,0.31
988,3463245,t,moderate,2,1.14
989,4172364,f,flexible,4,3.46
990,3728802,f,strict,1,0.18
991,6512378,f,flexible,1,1.63
992,785830,f,moderate,1,0.12
993,8616606,f,moderate,1,5
994,5078244,f,flexible,1,5.98
995,7921278,f,strict,2,2.36
996,8016610,f,strict,1,1.75
997,4468524,f,flexible,4,3.09
998,8424532,f,strict,1,0.67
999,6990882,t,strict,5,5.41
1000,4017140,f,flexible,1,2.33
