review_no,listing_id,number_of_reviews,first_review,last_review
1,241032,207,11/1/2011,1/2/2016
2,953595,43,8/19/2013,12/29/2015
3,3308979,20,7/30/2014,9/3/2015
4,7421966,0,,
5,278830,38,7/10/2012,10/24/2015
6,5956968,17,6/11/2015,9/28/2015
7,1909058,58,1/27/2014,12/7/2015
8,856550,173,1/3/2013,1/1/2016
9,4948745,8,6/22/2015,8/17/2015
10,2493658,32,4/27/2014,12/20/2015
11,175576,181,7/21/2011,11/25/2015
12,4454295,8,5/6/2015,12/16/2015
13,3883392,13,11/9/2014,10/2/2015
14,8889257,3,12/16/2015,1/2/2016
15,5680462,18,6/15/2015,11/15/2015
16,8988178,1,11/25/2015,11/25/2015
17,3245876,84,6/30/2014,1/2/2016
18,4933447,45,3/16/2015,11/6/2015
19,7735464,0,,
20,6291829,5,7/7/2015,8/10/2015
21,9218403,1,1/3/2016,1/3/2016
22,4125779,11,9/27/2014,10/18/2015
23,8942678,1,12/1/2015,12/1/2015
24,10106055,0,,
25,6362362,1,7/20/2015,7/20/2015
26,3544550,8,7/4/2015,9/2/2015
27,9025039,0,,
28,3200646,80,7/6/2014,1/2/2016
29,8859380,6,10/24/2015,1/2/2016
30,4520099,4,1/4/2015,7/25/2015
31,2481869,38,5/1/2014,10/11/2015
32,1110749,68,6/15/2013,12/21/2015
33,5978498,8,7/6/2015,12/3/2015
34,5021081,5,8/7/2015,11/12/2015
35,1686930,62,10/8/2013,12/7/2015
36,7680289,19,8/27/2015,11/29/2015
37,7207641,5,8/4/2015,9/3/2015
38,5062445,7,5/17/2015,12/8/2015
39,8925878,2,10/25/2015,12/18/2015
40,6389657,11,7/22/2015,8/19/2015
41,4218733,71,10/9/2014,1/1/2016
42,2715623,9,6/2/2014,10/29/2015
43,1392332,41,7/29/2013,7/31/2015
44,7308567,18,7/28/2015,12/31/2015
45,6575380,9,8/22/2015,9/20/2015
46,6004058,20,4/18/2015,1/2/2016
47,9550869,0,,
48,8515408,3,10/12/2015,12/31/2015
49,5383192,1,6/29/2015,6/29/2015
50,1112092,26,5/5/2013,12/29/2015
51,7772661,2,12/20/2015,12/21/2015
52,9254900,0,,
53,7714294,3,8/18/2015,9/3/2015
54,10310373,0,,
55,9368342,0,,
56,6361863,44,5/16/2015,1/1/2016
57,8105221,10,9/7/2015,11/29/2015
58,3269390,77,6/23/2014,12/28/2015
59,4566393,0,,
60,9282409,2,11/20/2015,12/12/2015
61,8095168,1,9/8/2015,9/8/2015
62,2746782,109,4/21/2014,12/29/2015
63,6424982,52,5/29/2015,1/2/2016
64,762029,191,11/5/2012,1/1/2016
65,8988281,0,,
66,7077910,9,8/10/2015,11/29/2015
67,3772674,65,8/28/2014,12/14/2015
68,7021906,5,9/18/2015,12/16/2015
69,7618605,5,8/10/2015,12/1/2015
70,10234558,0,,
71,7021702,0,,
72,7680439,16,8/12/2015,12/20/2015
73,4258515,23,5/25/2015,10/8/2015
74,1148517,45,6/13/2013,9/21/2015
75,2487892,75,3/26/2014,12/20/2015
76,3038772,86,6/2/2014,1/1/2016
77,699460,151,10/15/2012,12/18/2015
78,4085439,6,9/21/2014,5/29/2015
79,8053990,16,8/30/2015,12/13/2015
80,7011773,0,,
81,2467550,0,,
82,2686374,165,4/14/2014,1/2/2016
83,1956274,48,2/20/2014,12/1/2015
84,8537192,0,,
85,5919096,2,5/17/2015,6/1/2015
86,6516529,0,,
87,3294243,27,7/7/2014,10/14/2015
88,10210971,0,,
89,3584790,0,,
90,1266459,9,7/9/2013,7/17/2015
91,9098059,0,,
92,408526,0,,
93,4118282,88,10/27/2014,1/2/2016
94,6813483,10,7/18/2015,12/26/2015
95,6590264,5,7/5/2015,11/13/2015
96,2650482,10,9/21/2014,8/7/2015
97,20927,244,7/4/2010,12/26/2015
98,4395578,1,3/29/2015,3/29/2015
99,4995903,0,,
100,5549211,40,3/15/2015,1/3/2016
101,8240758,2,9/30/2015,10/4/2015
102,6856295,46,6/18/2015,1/1/2016
103,6881188,23,7/5/2015,12/30/2015
104,1579615,44,9/5/2013,12/21/2015
105,3766866,14,8/11/2014,12/31/2015
106,2406966,12,9/23/2014,10/29/2015
107,4872699,1,2/2/2015,2/2/2015
108,5470629,25,5/29/2015,12/20/2015
109,2950213,35,6/14/2014,11/2/2015
110,9015088,5,11/28/2015,1/2/2016
111,3979496,31,8/30/2014,11/7/2015
112,7501919,7,8/5/2015,10/11/2015
113,4732995,4,8/14/2015,12/20/2015
114,7134759,16,9/3/2015,12/19/2015
115,4532538,1,1/1/2016,1/1/2016
116,7534398,8,10/26/2015,12/21/2015
117,9387189,1,12/5/2015,12/5/2015
118,6337492,5,5/19/2015,10/10/2015
119,10231701,0,,
120,1609922,26,10/14/2013,11/29/2015
121,4236723,113,10/12/2014,1/2/2016
122,7843837,0,,
123,3076065,15,1/2/2015,9/21/2015
124,6423204,44,5/25/2015,12/27/2015
125,8338849,7,9/17/2015,9/30/2015
126,6401209,13,6/29/2015,12/28/2015
127,20928,44,6/7/2015,12/23/2015
128,3344977,56,7/13/2014,10/25/2015
129,7604621,11,10/4/2015,12/23/2015
130,3303978,39,7/28/2014,12/28/2015
131,7067082,10,7/10/2015,9/28/2015
132,3121829,6,7/22/2014,12/30/2015
133,2539881,4,5/25/2014,11/29/2015
134,3678718,79,8/16/2014,12/18/2015
135,4694479,50,3/29/2015,12/14/2015
136,6646843,28,8/13/2015,12/28/2015
137,1364440,20,8/9/2013,9/26/2015
138,1781873,57,3/9/2014,12/1/2015
139,4138423,38,10/25/2014,12/20/2015
140,5562674,71,3/15/2015,12/13/2015
141,1789341,17,4/20/2014,11/28/2015
142,4672934,13,1/2/2015,1/2/2016
143,4550099,3,11/29/2014,5/26/2015
144,1198799,19,3/1/2015,1/1/2016
145,5308429,18,2/12/2015,1/2/2016
146,2769088,12,5/26/2014,8/11/2015
147,7603135,4,8/17/2015,9/21/2015
148,9374365,7,11/13/2015,12/30/2015
149,6106498,23,5/5/2015,10/12/2015
150,9331449,2,12/7/2015,12/14/2015
151,8799162,0,,
152,4317390,39,11/23/2014,12/21/2015
153,3884851,64,8/25/2014,1/2/2016
154,3155785,4,8/11/2015,9/7/2015
155,9368517,0,,
156,5643240,8,6/20/2015,12/4/2015
157,5042014,14,2/2/2015,10/26/2015
158,7724630,1,9/27/2015,9/27/2015
159,9449437,0,,
160,3053237,85,5/19/2014,12/2/2015
161,8132347,0,,
162,63733,125,4/23/2011,12/30/2015
163,2039149,121,1/30/2014,12/21/2015
164,227636,131,11/9/2011,12/29/2015
165,3689119,49,8/8/2014,1/2/2016
166,1179538,2,11/20/2015,12/1/2015
167,6823781,28,6/23/2015,11/29/2015
168,2284536,111,2/23/2014,12/20/2015
169,5143441,49,2/13/2015,12/18/2015
170,5749958,28,5/3/2015,10/5/2015
171,9116815,0,,
172,7731836,3,12/11/2015,12/27/2015
173,10262971,0,,
174,1407502,9,6/12/2014,12/2/2014
175,8817038,12,10/28/2015,12/28/2015
176,4449303,50,3/12/2015,12/23/2015
177,8255615,3,9/21/2015,12/1/2015
178,4053092,24,10/6/2014,10/6/2015
179,6886633,81,6/19/2015,12/18/2015
180,8820414,0,,
181,3052151,19,6/1/2014,7/30/2015
182,2339333,6,6/29/2015,7/28/2015
183,1618842,115,1/15/2014,12/15/2015
184,888967,72,3/31/2013,12/1/2015
185,380950,12,6/25/2012,9/14/2015
186,8097708,1,9/9/2015,9/9/2015
187,5671843,31,3/30/2015,12/1/2015
188,904057,125,2/19/2013,12/19/2015
189,7161725,7,7/20/2015,9/20/2015
190,9587410,2,12/24/2015,1/3/2016
191,9202380,0,,
192,2238105,62,2/16/2014,12/28/2015
193,9545766,0,,
194,2441908,74,3/3/2014,12/29/2015
195,9367465,1,12/1/2015,12/1/2015
196,3031415,107,6/14/2014,12/26/2015
197,843812,10,3/11/2013,10/20/2015
198,3835995,155,8/14/2014,12/23/2015
199,9732638,0,,
200,3768745,15,6/21/2015,11/1/2015
201,3975434,17,8/31/2014,8/27/2015
202,5620928,13,6/9/2015,10/18/2015
203,7381677,13,8/3/2015,12/21/2015
204,5487934,2,5/18/2015,7/27/2015
205,9028447,1,12/12/2015,12/12/2015
206,757840,98,11/11/2012,12/5/2015
207,8848403,2,12/14/2015,12/25/2015
208,7430926,28,8/16/2015,12/29/2015
209,7021544,17,7/27/2015,11/27/2015
210,1323446,139,7/10/2013,12/20/2015
211,3925573,5,9/22/2014,9/14/2015
212,8723086,15,10/7/2015,12/22/2015
213,781474,1,4/3/2013,4/3/2013
214,9812439,0,,
215,3401644,5,9/2/2014,8/30/2015
216,10036903,0,,
217,5310193,3,8/9/2015,12/28/2015
218,5308875,17,7/12/2015,11/21/2015
219,5052459,31,3/9/2015,12/15/2015
220,7228499,34,8/16/2015,12/28/2015
221,7651653,1,11/10/2015,11/10/2015
222,1494986,10,9/6/2013,12/5/2015
223,1783382,15,12/31/2013,9/28/2015
224,7513198,1,8/15/2015,8/15/2015
225,8308316,7,9/21/2015,12/20/2015
226,9694921,1,12/31/2015,12/31/2015
227,2472850,28,5/19/2014,9/7/2015
228,5487522,7,3/23/2015,10/3/2015
229,4016650,36,3/1/2015,11/18/2015
230,10229434,0,,
231,3479241,16,8/1/2014,8/17/2015
232,5848400,4,5/9/2015,10/19/2015
233,6077760,23,5/14/2015,10/25/2015
234,4642956,1,3/8/2015,3/8/2015
235,1167507,61,6/2/2013,12/11/2015
236,6044106,50,4/26/2015,12/28/2015
237,1799255,55,1/13/2014,11/17/2015
238,8941768,1,11/15/2015,11/15/2015
239,6569950,1,8/10/2015,8/10/2015
240,7733192,12,8/23/2015,1/1/2016
241,9215782,2,12/1/2015,12/12/2015
242,5175631,26,3/8/2015,12/11/2015
243,6315614,0,,
244,9134193,1,12/20/2015,12/20/2015
245,2481189,53,3/17/2014,11/23/2015
246,8535897,13,9/25/2015,12/29/2015
247,9476826,0,,
248,3144311,4,6/29/2015,9/8/2015
249,9370007,0,,
250,6781308,32,6/14/2015,12/18/2015
251,160222,53,7/20/2011,10/10/2015
252,4250367,8,10/13/2014,11/29/2015
253,8755479,2,10/13/2015,11/28/2015
254,8829156,7,10/18/2015,12/28/2015
255,5126077,1,10/8/2015,10/8/2015
256,6108796,49,4/27/2015,12/17/2015
257,2692126,59,8/10/2014,12/13/2015
258,6882211,0,,
259,9573675,0,,
260,3544953,18,7/22/2014,9/25/2015
261,2020505,63,2/18/2014,10/19/2015
262,5580457,16,3/29/2015,1/3/2016
263,1495271,4,8/26/2013,8/8/2015
264,8455865,3,10/13/2015,12/1/2015
265,9679300,0,,
266,6065566,2,7/27/2015,8/31/2015
267,4645208,14,4/12/2015,8/30/2015
268,6115807,9,7/13/2015,11/28/2015
269,7091397,11,7/22/2015,11/2/2015
270,6134153,11,6/21/2015,10/6/2015
271,7763878,1,9/1/2015,9/1/2015
272,8088447,1,11/9/2015,11/9/2015
273,3418349,115,7/14/2014,1/2/2016
274,9199982,6,11/23/2015,12/28/2015
275,6400000,10,6/13/2015,9/25/2015
276,6776229,21,8/29/2015,12/21/2015
277,7627794,5,8/10/2015,11/1/2015
278,8374102,5,9/21/2015,12/23/2015
279,6316934,53,5/17/2015,12/26/2015
280,1820794,106,1/7/2014,12/30/2015
281,314180,24,3/6/2012,12/1/2015
282,8670079,0,,
283,4868135,11,1/1/2015,9/29/2015
284,5336585,1,3/7/2015,3/7/2015
285,1427103,79,9/4/2013,12/6/2015
286,3518808,52,9/2/2014,11/29/2015
287,8995844,1,11/29/2015,11/29/2015
288,356566,13,3/25/2012,2/23/2014
289,6466388,20,6/9/2015,10/6/2015
290,4531944,30,12/8/2014,1/2/2016
291,6686072,14,7/6/2015,11/18/2015
292,4384343,27,11/1/2014,12/1/2015
293,7900056,5,9/21/2015,11/1/2015
294,6378563,5,5/26/2015,8/31/2015
295,5630783,28,3/23/2015,11/9/2015
296,340706,97,3/13/2012,12/14/2015
297,6202214,15,5/21/2015,12/5/2015
298,1030411,3,6/22/2014,12/28/2014
299,7922373,1,11/29/2015,11/29/2015
300,6156470,43,5/24/2015,12/12/2015
301,2994309,71,5/23/2014,12/29/2015
302,1594328,9,9/16/2013,12/28/2015
303,8072920,3,9/23/2015,12/27/2015
304,6915487,1,9/9/2015,9/9/2015
305,6202603,11,5/12/2015,9/7/2015
306,5286781,1,11/9/2015,11/9/2015
307,2818420,4,8/5/2014,11/17/2014
308,3739681,12,8/3/2014,11/23/2015
309,7922063,1,8/22/2015,8/22/2015
310,611509,61,8/23/2012,10/30/2015
311,1802663,49,10/22/2013,1/1/2016
312,9797545,0,,
313,9241055,0,,
314,9294832,4,11/28/2015,12/18/2015
315,8643209,4,10/8/2015,11/22/2015
316,7258811,0,,
317,10265391,0,,
318,132120,35,6/20/2011,11/28/2015
319,6343866,10,6/14/2015,9/28/2015
320,3066740,6,6/17/2015,8/10/2015
321,4130112,2,9/26/2014,4/15/2015
322,4026757,86,9/12/2014,12/31/2015
323,9545281,0,,
324,3294804,17,6/17/2014,11/16/2015
325,4122325,26,10/26/2014,11/15/2015
326,8308353,7,9/14/2015,12/3/2015
327,7226013,11,7/11/2015,8/17/2015
328,5761290,12,6/21/2015,12/17/2015
329,182716,63,8/5/2011,10/26/2015
330,3050140,54,5/26/2014,1/1/2016
331,3254956,28,7/6/2014,10/24/2015
332,1264287,29,6/24/2013,12/26/2015
333,3404557,6,7/9/2014,8/29/2015
334,3939683,1,9/19/2015,9/19/2015
335,3424242,7,7/22/2014,8/31/2015
336,7985714,1,9/24/2015,9/24/2015
337,4279876,64,10/17/2014,12/20/2015
338,3870253,39,9/1/2014,12/27/2015
339,2187563,37,5/28/2014,12/11/2015
340,3889299,2,8/31/2015,9/5/2015
341,3889330,0,,
342,1184846,32,7/18/2013,9/9/2015
343,3626162,33,8/25/2014,1/1/2016
344,456040,207,5/17/2012,12/9/2015
345,9033154,0,,
346,4340838,37,1/1/2015,12/14/2015
347,808811,45,9/5/2013,12/24/2015
348,7368030,1,8/7/2015,8/7/2015
349,522287,203,6/18/2012,12/14/2015
350,1940787,6,8/5/2014,7/14/2015
351,3732103,6,8/10/2014,9/2/2015
352,43373,182,8/13/2010,1/1/2016
353,5126365,3,3/7/2015,4/12/2015
354,7182584,3,10/6/2015,10/22/2015
355,5325214,14,2/22/2015,12/13/2015
356,2710274,86,4/9/2014,12/7/2015
357,5128160,5,6/28/2015,8/17/2015
358,3424114,4,7/24/2014,8/29/2014
359,2776890,21,9/2/2014,9/6/2015
360,4521755,12,4/24/2015,11/8/2015
361,3456599,35,8/12/2014,12/21/2015
362,8207848,1,9/16/2015,9/16/2015
363,10249527,0,,
364,1252740,66,8/9/2013,12/22/2015
365,4250938,2,3/11/2015,8/7/2015
366,3791920,70,8/27/2014,12/17/2015
367,4258762,25,10/28/2014,9/3/2015
368,7364146,6,9/8/2015,11/29/2015
369,6765045,5,7/19/2015,11/29/2015
370,3193738,2,10/5/2014,12/1/2014
371,8765219,2,11/5/2015,12/1/2015
372,8174285,1,10/24/2015,10/24/2015
373,3403638,6,8/3/2014,9/30/2015
374,7601333,5,8/17/2015,9/27/2015
375,6707735,46,6/9/2015,12/30/2015
376,7322718,1,7/30/2015,7/30/2015
377,3783162,41,8/13/2014,8/25/2015
378,6606,52,7/17/2009,12/28/2015
379,3889280,0,,
380,3971137,5,11/22/2014,12/31/2014
381,3889050,3,9/1/2014,9/11/2015
382,799882,32,12/2/2012,12/5/2015
383,9508386,1,12/30/2015,12/30/2015
384,6714817,2,6/27/2015,7/11/2015
385,3773700,6,8/16/2014,9/8/2015
386,3773568,11,9/8/2014,9/8/2015
387,9313974,0,,
388,6492880,13,6/1/2015,9/17/2015
389,4879013,36,12/26/2014,12/16/2015
390,3732094,5,8/15/2014,9/29/2015
391,873073,4,3/31/2015,4/20/2015
392,234898,69,11/28/2011,12/20/2015
393,8533375,3,10/19/2015,11/29/2015
394,6854019,0,,
395,8418650,12,10/18/2015,12/29/2015
396,3732076,7,8/9/2014,5/4/2015
397,4608592,30,1/3/2015,11/9/2015
398,4862719,64,1/6/2015,11/29/2015
399,668169,16,9/3/2012,8/25/2015
400,429453,14,4/23/2012,11/22/2015
401,10124808,0,,
402,7459684,17,8/30/2015,12/23/2015
403,5992645,1,8/26/2015,8/26/2015
404,7917718,17,8/21/2015,1/1/2016
405,2986056,4,11/1/2014,11/1/2015
406,2011193,4,8/20/2014,8/21/2015
407,3768626,44,8/10/2014,11/29/2015
408,2026794,100,1/18/2014,12/12/2015
409,9154294,3,11/15/2015,12/6/2015
410,430610,70,8/14/2012,10/24/2015
411,3231850,84,6/26/2014,12/27/2015
412,2976798,36,1/18/2015,12/15/2015
413,703058,86,9/25/2012,12/30/2015
414,7826541,1,8/30/2015,8/30/2015
415,240920,15,8/1/2012,8/1/2015
416,6655233,18,6/9/2015,9/22/2015
417,9866461,1,1/1/2016,1/1/2016
418,7957729,0,,
419,1428687,32,8/29/2013,12/31/2015
420,4803403,10,2/1/2015,9/22/2015
421,11012,47,1/31/2010,11/29/2015
422,3888924,3,4/30/2015,12/5/2015
423,8842808,0,,
424,1114695,38,6/17/2013,11/13/2015
425,1715582,25,10/13/2013,11/27/2014
426,6704734,0,,
427,8555098,0,,
428,1214316,83,6/3/2013,12/22/2015
429,7325455,1,12/22/2015,12/22/2015
430,6325685,44,5/25/2015,12/20/2015
431,9596,32,6/15/2011,9/26/2015
432,9568491,4,12/1/2015,12/25/2015
433,1747184,24,6/28/2014,9/14/2015
434,8653843,2,10/14/2015,10/21/2015
435,6727729,5,7/3/2015,9/9/2015
436,3888986,1,8/8/2015,8/8/2015
437,4135710,0,,
438,3652434,88,10/13/2014,12/31/2015
439,7667990,1,9/7/2015,9/7/2015
440,4047058,49,9/14/2014,12/31/2015
441,7163934,5,9/21/2015,12/14/2015
442,7717478,0,,
443,4653552,32,1/19/2015,12/22/2015
444,6915439,0,,
445,506542,86,6/13/2012,10/19/2015
446,4046863,73,9/12/2014,12/24/2015
447,3915826,11,9/21/2014,10/19/2015
448,4787415,0,,
449,1602488,118,10/1/2013,11/15/2015
450,8459215,0,,
451,10274175,0,,
452,9167786,1,11/20/2015,11/20/2015
453,5686435,6,6/14/2015,8/10/2015
454,7939058,7,8/22/2015,10/7/2015
455,8392801,5,10/4/2015,12/30/2015
456,7404370,2,7/27/2015,8/31/2015
457,3720511,5,8/13/2014,9/1/2015
458,8193332,1,12/1/2015,12/1/2015
459,7957904,2,8/23/2015,9/9/2015
460,4555997,21,3/29/2015,12/24/2015
461,2267088,60,2/22/2014,12/29/2015
462,108468,2,1/21/2012,10/9/2015
463,6400379,21,6/14/2015,12/27/2015
464,5948003,31,4/17/2015,9/21/2015
465,5058086,23,4/30/2015,12/24/2015
466,1209255,38,7/2/2013,11/4/2015
467,1914051,66,2/18/2014,12/13/2015
468,2923529,63,5/20/2014,11/22/2015
469,1027860,2,8/30/2013,7/11/2014
470,2373176,72,2/22/2014,1/3/2016
471,6404427,28,6/22/2015,11/23/2015
472,8517602,25,9/27/2015,1/1/2016
473,7035240,0,,
474,4583161,27,12/9/2014,8/17/2015
475,7967844,24,9/9/2015,1/1/2016
476,6562393,6,7/4/2015,8/28/2015
477,7807087,10,9/9/2015,12/16/2015
478,5405643,52,4/19/2015,12/27/2015
479,7011200,11,7/17/2015,8/31/2015
480,610989,1,9/16/2013,9/16/2013
481,7839535,4,9/21/2015,12/1/2015
482,4814894,28,1/11/2015,12/27/2015
483,186328,1,11/8/2013,11/8/2013
484,7492877,7,7/27/2015,10/11/2015
485,6576228,6,6/15/2015,11/28/2015
486,241016,17,12/10/2013,12/26/2015
487,6968101,8,6/26/2015,11/29/2015
488,5648564,2,8/10/2015,9/3/2015
489,4116645,20,10/21/2014,11/3/2015
490,2419879,6,6/30/2014,8/2/2015
491,6425735,1,6/9/2015,6/9/2015
492,8105351,12,9/1/2015,1/1/2016
493,9136499,0,,
494,3639023,8,6/16/2015,10/25/2015
495,6724599,13,6/17/2015,10/22/2015
496,4211629,7,11/17/2014,7/13/2015
497,7151924,9,8/11/2015,10/19/2015
498,704764,112,12/17/2012,12/4/2015
499,1796217,12,5/15/2014,11/23/2015
500,4661812,10,6/3/2015,12/13/2015
501,8811945,0,,
502,1090307,81,5/2/2013,10/5/2015
503,15108,42,7/6/2011,11/23/2015
504,1882316,37,2/17/2014,12/27/2015
505,1095207,2,7/8/2013,5/28/2015
506,1343805,1,9/1/2013,9/1/2013
507,9217150,3,11/8/2015,11/29/2015
508,103920,1,10/4/2012,10/4/2012
509,2215336,4,7/22/2014,10/26/2015
510,1483944,56,9/4/2013,9/7/2015
511,6466129,41,5/31/2015,12/28/2015
512,8536441,6,10/13/2015,12/8/2015
513,6262987,11,6/1/2015,10/31/2015
514,8379081,5,9/21/2015,12/21/2015
515,8365938,1,10/13/2015,10/13/2015
516,9921445,0,,
517,132160,135,8/5/2011,12/21/2015
518,2033191,55,5/18/2014,12/30/2015
519,8849407,0,,
520,9922335,0,,
521,7243974,5,8/10/2015,12/30/2015
522,6490453,14,6/15/2015,10/24/2015
523,4025593,107,10/5/2014,12/12/2015
524,8556103,2,12/16/2015,12/27/2015
525,955506,22,3/27/2013,12/28/2015
526,9868607,0,,
527,8668073,0,,
528,790860,1,5/1/2015,5/1/2015
529,261912,28,4/30/2012,12/29/2015
530,368403,5,10/6/2013,8/24/2015
531,9878971,0,,
532,5602370,1,9/6/2015,9/6/2015
533,9395217,0,,
534,7331079,1,8/15/2015,8/15/2015
535,580182,92,9/24/2012,12/6/2015
536,8152191,11,9/8/2015,12/17/2015
537,103908,4,4/17/2012,9/20/2015
538,783061,34,11/30/2012,11/23/2015
539,7901725,0,,
540,4968752,48,2/9/2015,12/15/2015
541,14386,30,8/9/2010,11/25/2015
542,7517215,3,8/16/2015,10/7/2015
543,1602421,18,12/17/2013,12/1/2015
544,3821822,78,8/11/2014,12/22/2015
545,6073437,25,5/29/2015,10/1/2015
546,7917700,1,8/21/2015,8/21/2015
547,6278181,2,8/24/2015,9/27/2015
548,4279578,47,10/28/2014,12/22/2015
549,9907337,0,,
550,1796861,14,7/26/2014,11/29/2015
551,4211836,4,10/11/2014,7/18/2015
552,4025954,33,9/12/2014,11/15/2015
553,6154478,13,5/26/2015,12/28/2015
554,84030,60,4/4/2011,8/24/2015
555,4235559,6,6/20/2015,8/9/2015
556,830948,3,5/19/2013,9/15/2015
557,3468261,7,7/23/2014,9/28/2015
558,10026648,0,,
559,9117633,0,,
560,9158383,0,,
561,1145590,8,6/13/2013,9/2/2014
562,5020848,0,,
563,9600159,0,,
564,3522409,29,9/13/2015,12/27/2015
565,9492873,2,11/29/2015,12/18/2015
566,5534463,9,3/16/2015,9/13/2015
567,9409233,0,,
568,9531265,0,,
569,5364609,6,2/22/2015,8/14/2015
570,6629132,11,6/15/2015,9/1/2015
571,5489676,2,5/23/2015,6/3/2015
572,9347157,4,12/4/2015,12/18/2015
573,10035644,0,,
574,8293287,8,9/15/2015,11/16/2015
575,910784,132,7/17/2013,12/30/2015
576,7071222,3,8/9/2015,8/22/2015
577,8687716,2,10/13/2015,10/20/2015
578,7430679,7,8/8/2015,12/18/2015
579,180939,93,7/31/2011,10/30/2015
580,6884604,24,7/5/2015,11/15/2015
581,7397476,7,8/9/2015,9/28/2015
582,1063855,11,7/7/2013,8/27/2015
583,8865006,0,,
584,8069192,0,,
585,2800448,16,7/16/2015,8/30/2015
586,9076287,2,11/25/2015,12/21/2015
587,7462439,1,7/26/2015,7/26/2015
588,8225635,0,,
589,2966415,27,5/13/2014,10/24/2015
590,4639465,14,12/27/2014,11/14/2015
591,7402190,28,7/20/2015,12/21/2015
592,9448719,0,,
593,5670781,15,8/3/2015,12/29/2015
594,1905473,6,6/2/2014,6/18/2015
595,7266662,10,8/3/2015,9/25/2015
596,9095510,0,,
597,7401854,8,8/21/2015,12/5/2015
598,5174876,54,3/10/2015,12/24/2015
599,1256883,66,7/15/2013,12/23/2015
600,8072850,2,9/6/2015,9/21/2015
601,6706377,6,6/27/2015,8/23/2015
602,9738522,0,,
603,2995996,27,7/9/2014,9/15/2015
604,6674408,45,6/9/2015,1/2/2016
605,6801095,8,8/12/2015,12/7/2015
606,143704,181,6/28/2011,12/28/2015
607,9258305,0,,
608,3727017,3,9/8/2014,8/17/2015
609,789966,56,2/18/2013,9/27/2015
610,6864319,1,8/24/2015,8/24/2015
611,1539463,30,10/9/2013,8/24/2015
612,9591787,0,,
613,10279830,0,,
614,1956553,54,3/3/2014,10/6/2015
615,7396508,10,8/21/2015,11/11/2015
616,6272065,12,5/25/2015,9/23/2015
617,7072218,8,7/12/2015,10/25/2015
618,7075948,1,8/29/2015,8/29/2015
619,7543458,25,8/17/2015,1/1/2016
620,3769336,46,8/24/2014,12/16/2015
621,8666707,1,11/19/2015,11/19/2015
622,7205443,10,7/12/2015,12/6/2015
623,193371,25,9/21/2012,8/8/2015
624,9957555,2,12/21/2015,12/25/2015
625,6795678,27,6/22/2015,10/26/2015
626,9300972,1,12/28/2015,12/28/2015
627,8047522,4,9/8/2015,10/26/2015
628,9457328,0,,
629,6576006,12,11/16/2015,12/25/2015
630,7971334,28,8/23/2015,12/31/2015
631,1984962,22,4/29/2014,10/3/2015
632,9292039,1,11/27/2015,11/27/2015
633,6661617,17,6/17/2015,12/26/2015
634,8848854,1,11/27/2015,11/27/2015
635,3251069,6,6/23/2014,8/24/2015
636,4111137,15,1/18/2015,1/2/2016
637,4760472,35,3/18/2015,12/8/2015
638,8968925,0,,
639,3293438,88,6/14/2014,12/24/2015
640,9210978,1,11/4/2015,11/4/2015
641,3319386,42,7/15/2014,12/27/2015
642,7717813,13,8/8/2015,12/30/2015
643,5578943,36,5/3/2015,12/19/2015
644,7660932,11,8/7/2015,9/28/2015
645,4271221,78,10/25/2014,12/31/2015
646,6358605,6,6/14/2015,9/22/2015
647,1439237,58,8/8/2013,9/15/2015
648,7775167,11,8/9/2015,9/21/2015
649,7437784,0,,
650,9628972,0,,
651,8425013,3,9/27/2015,11/25/2015
652,6925807,1,8/8/2015,8/8/2015
653,7400955,3,8/4/2015,12/1/2015
654,8174389,1,9/22/2015,9/22/2015
655,6292452,1,6/21/2015,6/21/2015
656,9095668,0,,
657,413733,31,7/6/2015,12/21/2015
658,8783900,1,11/22/2015,11/22/2015
659,639130,2,7/28/2015,9/7/2015
660,2484067,29,4/28/2014,11/29/2015
661,3533112,12,8/6/2014,8/31/2015
662,2249292,63,3/3/2014,1/1/2016
663,7838294,0,,
664,6133354,26,5/9/2015,12/20/2015
665,7987836,2,10/1/2015,11/27/2015
666,9910025,1,1/1/2016,1/1/2016
667,7364024,10,7/29/2015,10/5/2015
668,9362082,1,12/28/2015,12/28/2015
669,8847108,11,10/19/2015,12/21/2015
670,7462428,11,7/27/2015,10/13/2015
671,4370312,4,12/13/2015,12/24/2015
672,4053972,65,9/11/2014,12/18/2015
673,6209191,7,5/12/2015,6/19/2015
674,10123910,0,,
675,6412858,2,9/28/2015,11/3/2015
676,3987838,19,11/5/2014,12/29/2015
677,7027507,1,8/31/2015,8/31/2015
678,6587443,4,9/21/2015,11/12/2015
679,10204689,0,,
680,1029680,6,6/16/2014,7/12/2015
681,7208439,11,8/11/2015,10/9/2015
682,8327765,0,,
683,3953611,53,8/29/2014,9/30/2015
684,2584354,21,3/31/2014,8/30/2015
685,4574700,2,6/30/2015,9/1/2015
686,5685646,60,4/19/2015,12/6/2015
687,977722,64,3/24/2013,12/20/2015
688,2931922,10,8/17/2014,9/27/2015
689,8253955,3,10/5/2015,12/22/2015
690,6426462,2,6/9/2015,7/24/2015
691,8154238,0,,
692,5020861,14,3/2/2015,12/28/2015
693,9611409,0,,
694,9282348,0,,
695,8939306,14,10/21/2015,12/12/2015
696,5423692,36,3/21/2015,9/30/2015
697,9159975,0,,
698,7561272,28,8/3/2015,12/17/2015
699,7326419,14,8/7/2015,12/14/2015
700,9373607,6,11/16/2015,12/17/2015
701,6717555,1,8/30/2015,8/30/2015
702,8939433,12,10/26/2015,12/21/2015
703,8939503,14,10/19/2015,12/13/2015
704,8742753,0,,
705,8939687,8,11/4/2015,12/9/2015
706,3793406,9,8/18/2014,9/13/2015
707,9134196,1,11/29/2015,11/29/2015
708,6007267,3,6/10/2015,6/22/2015
709,3422894,18,7/19/2014,8/30/2014
710,3630581,9,8/10/2014,9/8/2015
711,9394508,1,11/21/2015,11/21/2015
712,7348578,30,7/18/2015,11/23/2015
713,8869680,7,10/19/2015,12/18/2015
714,7678429,0,,
715,2979387,17,8/25/2014,12/29/2015
716,1531458,29,9/1/2013,9/21/2015
717,1549973,7,9/3/2013,11/9/2014
718,1123977,8,10/1/2013,10/19/2015
719,5719631,3,7/19/2015,8/4/2015
720,9580209,0,,
721,9364220,1,12/17/2015,12/17/2015
722,9663221,0,,
723,9636952,0,,
724,8594059,2,12/1/2015,1/1/2016
725,6278756,1,6/25/2015,6/25/2015
726,3679617,15,8/1/2014,10/25/2015
727,9416551,0,,
728,8322107,0,,
729,9511676,0,,
730,3158243,13,6/27/2014,9/28/2015
731,8327124,1,11/20/2015,11/20/2015
732,4311078,2,9/21/2015,11/25/2015
733,3329962,25,7/14/2014,8/1/2015
734,3263071,17,6/27/2014,9/18/2015
735,7302675,0,,
736,6250399,1,8/23/2015,8/23/2015
737,7387294,12,8/8/2015,11/23/2015
738,7363462,28,7/21/2015,12/25/2015
739,6796336,1,8/29/2015,8/29/2015
740,8156894,0,,
741,1150519,10,7/7/2013,12/1/2015
742,5969872,11,7/17/2015,12/23/2015
743,9617068,1,12/20/2015,12/20/2015
744,4438188,40,11/23/2014,11/20/2015
745,1521633,8,8/23/2013,10/6/2015
746,6623079,9,7/9/2015,8/10/2015
747,7561254,15,8/4/2015,12/20/2015
748,3494608,17,7/13/2014,11/25/2015
749,3085726,1,10/17/2014,10/17/2014
750,2256124,36,2/10/2015,10/26/2015
751,7071021,5,7/9/2015,8/31/2015
752,9465815,1,12/24/2015,12/24/2015
753,6938103,3,7/12/2015,8/9/2015
754,6913414,10,9/22/2015,12/22/2015
755,3706719,6,8/15/2014,8/30/2015
756,8174626,14,9/9/2015,12/15/2015
757,1571230,12,9/3/2013,10/25/2015
758,4270642,12,10/18/2014,10/24/2015
759,5407311,1,3/28/2015,3/28/2015
760,9976135,0,,
761,9558353,1,11/27/2015,11/27/2015
762,7247767,18,7/18/2015,1/1/2016
763,7035077,0,,
764,7353834,2,8/10/2015,8/16/2015
765,9319891,0,,
766,6575407,1,9/25/2015,9/25/2015
767,7550234,23,8/3/2015,12/20/2015
768,8939736,9,11/9/2015,12/23/2015
769,7247720,18,7/15/2015,11/29/2015
770,1786923,9,3/30/2014,9/30/2015
771,7649837,9,8/3/2015,9/21/2015
772,3610724,62,9/12/2014,1/1/2016
773,7988337,14,9/5/2015,12/30/2015
774,1773803,124,10/17/2013,12/6/2015
775,7536074,1,7/25/2015,7/25/2015
776,3770248,5,8/14/2014,9/26/2015
777,9097754,0,,
778,3291295,11,7/7/2014,6/12/2015
779,8171726,1,11/8/2015,11/8/2015
780,10031055,0,,
781,8939595,14,10/19/2015,12/16/2015
782,8155580,1,12/20/2015,12/20/2015
783,6705584,3,6/15/2015,10/1/2015
784,1417880,11,7/26/2013,9/3/2014
785,7245692,5,8/28/2015,10/16/2015
786,7153101,34,7/13/2015,12/28/2015
787,9014572,0,,
788,585418,146,9/14/2012,9/30/2015
789,4484426,7,6/14/2015,11/21/2015
790,3291777,7,6/15/2014,8/25/2015
791,3096191,8,7/9/2014,9/2/2014
792,9865846,1,12/20/2015,12/20/2015
793,6249536,2,5/17/2015,11/7/2015
794,5744931,7,3/29/2015,9/9/2015
795,8156764,0,,
796,3303857,23,6/23/2014,9/16/2015
797,8155710,2,12/8/2015,12/19/2015
798,3843706,2,4/22/2015,9/26/2015
799,8156860,0,,
800,9316399,4,11/15/2015,12/1/2015
801,293890,19,2/15/2012,4/22/2014
802,7915432,1,12/3/2015,12/3/2015
803,7501583,0,,
804,10126050,0,,
805,7807658,1,8/16/2015,8/16/2015
806,1589461,5,9/7/2013,8/18/2015
807,9303530,1,12/2/2015,12/2/2015
808,7809718,5,8/23/2015,11/7/2015
809,140331,93,6/21/2011,6/3/2015
810,9462315,0,,
811,565703,158,3/27/2013,12/31/2015
812,1147349,16,6/4/2013,8/1/2014
813,7262358,2,7/26/2015,8/7/2015
814,723723,49,10/15/2012,9/1/2015
815,4757025,75,2/14/2015,12/30/2015
816,3334052,44,8/27/2014,12/30/2015
817,7036707,25,7/24/2015,12/27/2015
818,5272327,28,5/27/2015,11/28/2015
819,3921664,2,12/28/2015,1/3/2016
820,9974658,0,,
821,2727984,1,8/30/2015,8/30/2015
822,794633,270,5/5/2013,12/21/2015
823,3959442,68,9/14/2014,12/27/2015
824,6761267,52,6/13/2015,12/13/2015
825,6824408,3,7/20/2015,9/7/2015
826,2526129,3,7/2/2014,7/15/2015
827,7859906,12,9/14/2015,12/30/2015
828,9636248,0,,
829,4623541,25,12/15/2014,12/7/2015
830,1970725,43,5/27/2014,10/20/2015
831,4418480,8,1/1/2015,12/22/2015
832,911001,0,,
833,6670332,15,6/30/2015,11/16/2015
834,1249060,74,6/27/2013,11/10/2015
835,1566487,104,8/27/2013,12/8/2015
836,9711153,6,12/4/2015,12/22/2015
837,444221,79,6/30/2012,12/19/2015
838,1018204,79,4/26/2013,12/18/2015
839,4856986,4,7/30/2015,11/27/2015
840,2130652,96,1/12/2014,12/18/2015
841,5524530,7,5/4/2015,9/25/2015
842,9216874,2,11/5/2015,12/1/2015
843,7971395,10,9/13/2015,12/23/2015
844,2593263,52,4/28/2014,10/26/2015
845,443580,99,6/7/2012,12/19/2015
846,1614502,71,6/8/2014,11/8/2015
847,4477426,28,1/10/2015,9/7/2015
848,7648716,5,8/3/2015,9/1/2015
849,9696912,0,,
850,3585592,10,7/28/2014,9/8/2015
851,3757858,15,9/18/2014,10/19/2015
852,7219838,18,8/13/2015,12/16/2015
853,6022715,1,6/28/2015,6/28/2015
854,7685745,8,9/12/2015,10/5/2015
855,4565370,33,11/30/2014,12/7/2015
856,4783817,3,9/21/2015,12/29/2015
857,2593176,68,3/24/2014,12/30/2015
858,3143227,70,6/7/2014,12/26/2015
859,1214306,94,6/16/2013,9/10/2015
860,9448215,1,12/12/2015,12/12/2015
861,9369481,0,,
862,3533224,136,7/19/2014,12/22/2015
863,443736,51,5/8/2012,12/13/2015
864,6675927,49,6/9/2015,12/29/2015
865,1772119,68,12/30/2013,11/29/2015
866,7808495,4,8/15/2015,10/19/2015
867,4539948,34,12/16/2014,12/1/2015
868,7768727,16,8/25/2015,12/27/2015
869,769213,164,10/20/2013,1/2/2016
870,5328449,36,3/29/2015,10/26/2015
871,1763809,73,3/3/2014,12/29/2015
872,1499596,6,11/30/2014,7/6/2015
873,4737727,3,8/8/2015,8/20/2015
874,8242212,8,9/23/2015,12/30/2015
875,8186781,16,9/12/2015,12/22/2015
876,7229015,29,7/12/2015,12/17/2015
877,5814207,0,,
878,2274086,17,5/20/2014,7/31/2015
879,4387985,47,11/3/2014,12/28/2015
880,9909445,0,,
881,7664899,3,8/11/2015,10/24/2015
882,4773614,2,12/29/2014,3/22/2015
883,3946674,33,10/5/2014,12/22/2015
884,8616488,11,10/18/2015,1/2/2016
885,7518316,3,8/31/2015,1/3/2016
886,5259194,94,2/16/2015,12/25/2015
887,9256702,3,11/16/2015,12/21/2015
888,9240289,0,,
889,2032805,52,1/2/2014,11/17/2015
890,3751503,32,8/4/2014,8/4/2015
891,7581974,8,8/5/2015,9/2/2015
892,6558980,4,7/19/2015,10/20/2015
893,2399736,81,3/3/2014,12/10/2015
894,8674765,0,,
895,6004165,3,12/7/2015,12/23/2015
896,1826155,75,1/11/2014,12/17/2015
897,4857192,8,8/2/2015,9/2/2015
898,7748905,24,8/9/2015,12/22/2015
899,973859,81,6/20/2013,12/27/2015
900,6716380,10,6/20/2015,8/31/2015
901,7953211,4,8/25/2015,12/17/2015
902,5241773,95,3/6/2015,1/2/2016
903,3144597,45,5/27/2014,12/5/2015
904,7698916,14,8/7/2015,9/9/2015
905,7305969,27,7/15/2015,11/29/2015
906,5069495,33,3/3/2015,1/2/2016
907,1817878,4,11/22/2013,9/1/2015
908,4430381,3,5/1/2015,12/21/2015
909,6528192,18,6/30/2015,11/25/2015
910,3177005,3,7/1/2014,8/25/2014
911,4430233,4,3/15/2015,10/11/2015
912,670009,13,3/24/2015,10/15/2015
913,4577542,30,1/13/2015,12/6/2015
914,6764646,4,7/14/2015,9/2/2015
915,4256705,11,11/9/2014,12/19/2015
916,8812578,1,11/2/2015,11/2/2015
917,341454,0,,
918,8195629,9,9/27/2015,11/29/2015
919,2577625,9,3/25/2014,9/19/2014
920,555858,13,6/29/2012,9/26/2015
921,4814811,28,1/2/2015,12/9/2015
922,9484823,0,,
923,660603,10,11/3/2012,12/11/2015
924,3940265,39,9/2/2014,11/29/2015
925,7500976,1,11/14/2015,11/14/2015
926,9516608,1,11/25/2015,11/25/2015
927,9712716,3,12/6/2015,1/3/2016
928,5813657,21,4/20/2015,9/9/2015
929,8884826,3,12/10/2015,12/29/2015
930,1978743,49,2/20/2014,11/20/2015
931,6091789,1,7/28/2015,7/28/2015
932,6165353,4,6/21/2015,12/26/2015
933,1244053,32,7/1/2013,12/11/2015
934,8508223,1,10/12/2015,10/12/2015
935,6991188,3,12/22/2015,1/2/2016
936,7344117,32,7/20/2015,12/30/2015
937,9506766,2,11/23/2015,12/9/2015
938,6451305,25,6/8/2015,12/19/2015
939,7531405,8,9/29/2015,11/18/2015
940,9612147,2,12/20/2015,12/26/2015
941,666897,18,4/30/2015,12/26/2015
942,4061051,6,9/12/2014,6/20/2015
943,3394338,20,7/6/2014,9/2/2015
944,4238106,6,9/7/2015,10/21/2015
945,7350059,18,7/18/2015,1/1/2016
946,5262750,20,7/11/2015,12/29/2015
947,2802844,16,10/14/2014,12/4/2015
948,3123632,8,7/22/2014,8/23/2015
949,3024336,40,6/16/2014,10/20/2015
950,8652185,1,11/27/2015,11/27/2015
951,10192213,0,,
952,3970736,51,8/31/2014,1/1/2016
953,4546924,36,2/1/2015,12/28/2015
954,2760901,16,5/11/2014,9/12/2015
955,3490239,7,8/21/2014,8/17/2015
956,3416217,31,6/30/2014,9/9/2015
957,5537833,6,4/28/2015,10/19/2015
958,8372562,1,1/1/2016,1/1/2016
959,8866960,3,10/26/2015,12/22/2015
960,3354614,29,6/27/2014,9/29/2015
961,8953857,0,,
962,7093738,1,8/26/2015,8/26/2015
963,5277900,9,4/20/2015,9/8/2015
964,1171574,158,6/8/2013,1/1/2016
965,1818754,0,,
966,74328,53,5/31/2011,9/30/2015
967,6728017,1,8/11/2015,8/11/2015
968,2612399,62,5/19/2014,12/30/2015
969,2515795,22,8/14/2014,12/2/2015
970,7093910,2,8/27/2015,9/20/2015
971,4170863,5,9/29/2014,11/2/2014
972,7941079,7,8/22/2015,11/29/2015
973,1442973,14,9/17/2013,12/20/2015
974,4396961,34,3/28/2015,11/27/2015
975,5859152,15,8/22/2015,11/15/2015
976,8555794,0,,
977,2112625,18,1/15/2014,12/21/2015
978,8814802,0,,
979,8273948,13,9/17/2015,12/8/2015
980,319768,5,4/2/2012,12/28/2013
981,1961671,20,3/9/2014,12/28/2015
982,3691288,5,11/13/2015,12/30/2015
983,8703557,0,,
984,8525338,0,,
985,8049470,14,9/4/2015,10/28/2015
986,1455908,32,9/10/2013,11/8/2015
987,8525825,1,9/30/2015,9/30/2015
988,3463245,20,7/27/2014,11/21/2015
989,4172364,33,3/25/2015,10/19/2015
990,3728802,3,8/15/2014,8/31/2015
991,6512378,12,5/29/2015,12/1/2015
992,785830,2,8/16/2014,8/14/2015
993,8616606,14,10/13/2015,12/31/2015
994,5078244,54,4/9/2015,12/25/2015
995,7921278,10,8/31/2015,12/2/2015
996,8016610,7,9/7/2015,12/29/2015
997,4468524,41,12/3/2014,12/31/2015
998,8424532,2,10/8/2015,10/30/2015
999,6990882,31,7/17/2015,12/23/2015
1000,4017140,37,9/16/2014,11/16/2015
