reviewer_id,reviewer_name
28943674,Bianca
32440555,Frank
37722850,Ian
33671805,George
34959538,Ming
1154501,Barent
37853266,Kevin
24445447,Rick
249583,Todd
38110731,Tatiana
39852826,Tim
384855,Tony
21607838,Jason
17052263,Don
4774006,Vivian
41297839,Travis
9313038,Angeline
8385649,Celine
9403201,RÃ©my
2920596,Jason
23579299,Margit
20706964,Ashley
23941301,Tim
7008965,Gabriel
24025530,Davi
23834617,Tim
11109842,Michelle
9997395,Jack
4920230,Adrienne
3002880,Sasha
28621214,Carley
21176280,Juerguen
26018276,Claudia
29870942,Mike
30347816,Arno
3474876,Angela
15811536,Emily
32286824,Ryan
16342997,Cynthia
11015358,Mander
4006836,Veronica
32870799,Katie
33943549,Michael
1928003,Emily
26170953,Jennifer
15967204,Sarah
30544873,Lisa
34858362,Cheryl
37096823,Ethan
34123551,Stephanie
13316300,Matt
7354543,Nicola
16840700,Stuart
23038979,Carmen
32505575,Wanda
6181790,Joe
2618477,Nobu
9151574,Taylor
42635470,Venus
17958206,Armelle
34796223,David
25044118,Arianna
2830204,Jess
7560156,Elaine
28662643,Kady
1964916,Jeff
20997974,Anna
5790065,Joss
28531622,Amy
28592890,Thomas
23360768,Ariel
44239286,Kenneth
12849861,Paul
25892167,Dennis
29994885,Zach
17272550,Derek
5350854,Martin & Carolin
38521340,Peter
14952850,Lu
40442846,Rebecca
40603512,Puhong
19864124,Scott
6093501,Matko
13019539,Tibor
3285646,Sarah
26208231,Lindsey
37444544,May
26750734,Logan
4107277,Celena
9556062,Lisa
14164556,Sarah
19805575,Alex
37442102,Bennett
44806559,Paulina
46879903,Sandra
31351853,Philip
10387535,Shari
938231,Drew
8873291,Caroline
48452038,Spencer
25477273,Nisma
45549036,Susan
9640217,Abbie
3929249,Keith
7682798,April
10849699,Dee
4582507,Carolyn
3394000,Christy
18898726,Megan
36426521,Daniel
4526575,Tania
2631519,Chad
7684479,Christine
124401,Adrienne
39893003,Peng
18779691,Jordan
37224080,Andres
7560288,Amy
37619912,Terry
37705950,Nicole
37098127,Anthony
10001611,Thamer
379337,Angela
29245019,Bryant
17784822,Michael
41940291,Stefan
23372725,Chenwen
45284991,Mijung
32694387,Kris
3119483,Matt
23550301,Marco
8190182,Anna
8291197,Ashley
20037108,Linda
22335644,Shelley
10680187,Jason
16580948,Tim
23082563,Lauren
26038811,Jeffery (Jincheng)
17466858,Rodolphe
26027495,Semele
22890359,Fiona
10827446,Gabe
24674650,Kanwalai
529153,Belinda
18425414,Alysia
1600273,Steve
26394059,Joshua
25568993,Shadd
28370219,Greg
18938730,Mary
5306140,Marc
33025409,Evan
33084027,Craig
6618190,Vince
22993542,Hannah
32798041,Elizabeth
13017777,John
13598687,Paul
26366177,Steven
19514204,Robert
948664,Christian
50291659,Dom
4134112,Patt & Jacq
5488246,Justine
19457,Ron
6592943,Matt
16911097,Andy
3836744,Kate
612554,Nicole
16951543,Dean
4350777,Sonya
11630654,Paola
2947094,Marc & Chanelle
17015784,Sam
7590327,Lisa
10935547,Melanie
2044688,Mike
17323287,Thierry
14612228,Jocelin
12037268,Jessica
15725848,Jussi
4961606,Twila
3586528,Courtney
20364893,Megan
17569762,Nhu
1312047,Tim
7364821,Justin
16544292,Reginald
19811857,Ivaylo
7155377,Diane
13396735,Bradley
20931989,Laura
2186884,Cosmo
22731095,Ki
17242843,Andrea
6981697,Sameer
9454359,Tony
2879471,Jennifer
6904515,Christen
23660822,Debbie
22002597,Chee Lam
23772513,Ha
25098738,Kate
25317029,Kent And Mary
7309494,Linh
27123828,Brian
27678236,Christine
28179578,Sheena
24008806,Karen
8778001,Danielle
27928896,Brittany
28247908,Anya
30026617,Lachlan
26380820,Amanda
30021078,Kirsten
30176404,Adam
2686038,Vincenzo
1196308,Oasishostel
17736983,Alex
30694717,Ian
13485744,Aubrey
32226665,Melissa
3918114,Johan
32568947,Jenna
21334176,Tricia
32132569,Mitchell
20084321,Luna
31539716,Laura
33052980,Jessica
34616579,Ena
30841536,Trazia
32520900,Aria
30558459,Sabrina
35816512,Vivian
13308404,Monica
29658656,Breanne
17844379,Anastasia
24850167,Andrew
31166419,Brianna
7278160,Lin
10134755,Kelly
26177392,Gray
5140611,Jo
4719034,Wendy
29545825,Zachary
4462648,Kaylee
29251713,Amanda
37156775,Laura
37809514,Sahil
1807572,Cydney & Duff
32001075,Huihui
33399349,Sara
25455914,Roxanne
42703020,Jeff
8479447,Rachel
35918221,Denny
2705051,Sabrina
25716162,Kat
45781526,Hanh
21662968,Niyeti
5468775,Amelia
37171719,Sheila
48431557,Adam
10337728,Dale
45463427,Tyler
3120947,Christian
43197902,Brooke
38189081,Toni
11496787,Zach
46696247,Blake
24842670,Connie
16297562,Matt
45723115,Colleen
26596137,Marlene
5137520,Pascal
5871657,Linnette And Scott
33686342,Nehemiah
32226689,Ryan
33863547,Matthias
5974848,Brian
14638385,Lucas
20396659,Tyler
41484755,Anne
4670854,Scott
39293404,Aaron
42412901,Ley
17522732,Nirali
40619236,Theo
11484882,Diego
4296281,Andrea
45425020,Dylan
41158892,Paige
43988043,Zhen
46024757,Melanie
8880284,Jun
48807026,Marisa
2424191,Rachel
45249334,Yukun
3382541,Brent
22802848,Yasmin
47521443,Ying
2908159,Alan
70980,Maddie
41188231,Mallory
11477764,Rohit
42173566,ëª…ì¤€
9772021,BrontÃ«
45902871,Becca
38382309,David
24247616,Brian Jennings
33872018,Allyson
8618935,Kathleen
16067775,Lisa
39828047,Catalina
13099539,Joanna
40158289,Gavin
748405,Deborah
43999,Chris
20439635,Brittany
43902823,Kathy
687888,Kate
21504625,Rebekah
18218325,Rudolph
17108989,Cindy
12086691,Hillary
6933505,Colton
51450038,Carrie
10317572,Matthew
51642596,Misato
4601841,Lei
6645884,Ty
6724245,Robert
6215749,Ken
6576643,Ke
994334,Hasan & Grace
1726057,Kym And Fred
7189238,Daniel
182318,Brigitte
7275441,Markus
6983473,Gabe
5242086,Aditya
6061776,Katharine
2854418,Robin
7550503,Mark
3295530,Susan
921148,Delisa
5654188,Dean
814023,Manny
2523960,Silke
5500014,Robert
367527,Erica & B
5185825,Jinni
255350,Elaine
8428516,Lisa
8559198,Naftali
8537476,Richard
9427025,James
10113864,Sev
3034875,Hilary
12652302,Cheryl
10156843,Tariq
13415904,Yi
488890,Joe
16224596,John
15840860,Jamie
5654056,Brenna
15643316,JanÃ©e
11033019,Jiajun(John)
1377504,Joseph
10354464,Zhigang
9455871,Alex
2070059,Tugce
13872722,Luke & Catelyn
16441620,Emily
6091896,Nancy
14899077,Melissa
17450857,Jeanne-Marie
7427990,Bailey
15590317,Amy
17559297,Anya
18091505,Pieter
17839451,Alison
15271387,Wenny
237941,John
14362449,Uwe
19252855,Merlin
2442646,Albert
3005284,Chenran
18862953,Eric
6661928,Selena
17349413,Danielle
13388432,Mandy
19263619,Wendy
2819329,Stephanie And Michael
10874136,Emma
1583871,Chick
18520536,Emily
17212420,Cooper
18052049,Angela
20802328,Jon
19476229,Mihoko
3263848,Rufus
18033144,Petra
10477058,Sruthi
1775149,Colin
8705607,Janet
19451700,Daniel
6494821,Catherine
2157114,Kara
15110028,Michelle
21031223,Yin
7473518,Helin
20726330,Mattie
22196921,Susan
6064281,Steven
9280558,Marjorie
16154425,Emily
23585985,Randy
23220873,Ruth Ann
24975618,Tariq
14814344,Andree
17224064,Chip
21699218,Robyn
27599894,Joe
17254193,Mingyan
29575905,Genevieve
3218183,Oscar
12937888,Beth
31675968,Angela
1986389,Jean-Francois
7488141,Reinhold
26512475,Elizabeth
24069180,Vincent
7862444,Ann
3251726,Susan
23674057,Janie
1476589,Sean
30352418,James
34659916,Stephen
36172834,Michelle
31934653,Marcia
26164291,Jessica
9984675,Aoife
20215766,Ines
30712736,Brianna
29659373,Becca
24129054,Jennifer
36341836,Bin
34280195,Terry
31519635,Annie
41680225,Scott
37678477,Jing
40503984,Linnea
36870720,Elay
28611673,Christine
38481587,Katharina
40561158,Madison
35646386,Heather
36252028,Marc
4184080,Delia
3858580,Meghan
43031806,Kristine
16010943,Craig
1742069,Jenny
36541451,Tyler
43786575,Kyle
34925128,Aaron_aaron
9117922,Pernille
45562816,Suzanne
29450252,Elyse
1885291,Tabitha & Steve
3406554,Sam
7567853,Wonhee
7728924,Kristen
7848792,Christina
7263309,Alexandre Et Amandine
3311734,Jennifer
7746623,Aaron
470807,Katia
1661620,Marly And Qaid
4758247,Greg
8170223,Zach
4632424,Carmen
5037209,Pamela
20708642,Qi
21831170,CHEN ï¼ˆYumi)
6844437,Shavir
21938521,Claire
21869632,Ziyi
10132034,Ramani
26164658,Olivia
29894017,Fiona
5726472,Harmen
32721603,Daniel
13560355,Erin
9669205,Fay
33235281,Juan
15934938,Kun
34115161,Debbie
37988610,Mark
32787554,Alicyn
21856886,Molly
32463758,Jihye
44619749,Yuanzhi
30441915,Ivy
32077276,Darryl
29412621,Laura
10425929,Julius
23226489,Kristen
9746908,Adele
33034001,Brandon
16303344,Colin
34049410,Yi
943572,Andrey
2297967,Michael
24075356,Jake
21928507,Dan
35599317,Doris
34651688,Jason
32856761,Zach
24378231,Lauren
1777517,Zoe
33307470,Alex
16433164,Alain
15758410,Charles
29326988,Meredith
34495395,Nikolaus
40036027,Emma
37566638,Earl
626760,Daniel
1015943,Greg
39867100,Peter
41519484,Pacheena
4147699,Stephen
29437275,Daisy
34578714,Kira
39637466,Ford
8181814,Dana
20124588,Joel
28011157,Parker
25806155,Markus
4478314,Kellie
12636183,Marcin
14997040,Bonnie
14584698,Ze
15149453,Michael
14176289,Ann
15274874,Allyson
15443351,Lynn
8584485,Diann
15908307,Shaun
8366535,Christina
16591213,Jon
429467,Joyce
12541437,Kristin
850520,Dan
358689,Bonnie
14515696,Kathleen
15849301,Rudy
5880643,Brijesh
11974814,Aimee And Josh
18694567,Jingjie
897868,Kathleen
12229879,Theresa
20544290,Majed
14019604,Brandon
84634,Sara
19337344,Angela
19137760,Christa
12714608,New
16973325,Stanley
25686890,Jass
25466490,Coco
4024474,Lincoln
9144576,Kevin
28894299,å°æœ´
13041814,Erin
14103528,David
702535,Erik
28947599,Zaiyuan
30420782,Jim
18170201,Ed
32459845,Joseph Kok Wei
34373179,Wei
33311605,Natasha
15938400,Birgit
35179571,Zilong
30020366,Conway
25919357,Sharon
33681559,Afroz
35356971,Jan
36169533,Mark
35086897,Jothi
35740169,Betty
2601440,Katie
35577293,Robinson
13426077,Melinda
1737217,Deborah
34506602,Haiyan
2034817,Jane
2065070,Xavier
39068722,Christina
34475087,Souheil
26247858,Sandy
28585621,Diana
40032803,Wei
28235912,Linda
1675690,D. Anna
19017293,Carol
9205502,Lowell
44041326,Heba
32844335,Colin
18683398,Gail
20730202,David
12403346,Chanda
30836306,Hendri
49657107,Brad
35132192,Charley
37357754,Donna
404637,Richard
336410,Suzanne
408489,Lance
458881,Sarah
418714,Dehua
553330,Oksana
490825,Giorgia
531801,Michael
1267625,Kaitlyn
1275276,Yaeko
571387,Matthew
1644228,Rene
1599401,Melodie
1671497,Ulysses
1674390,Samir
1757508,Jane
1762938,Daniel
461911,Marty
1904946,Flora
1979101,Sarfraz
1926279,Steph
563112,StÃ©phanie
1971957,Trea
1857753,Mary
2195802,Justin
1984538,Rosa
2210347,Marcus
2257221,Judy
15174,Scott
2557996,Brett
1502790,Cyril
335817,Joe
412940,Stl
2590853,Angela
876349,Herb
1381808,Holger
2531226,Michel & Bea
249100,Chris
456853,Ann
1660907,Pooja
3014098,Bill
1471807,Amy
3077650,Ke
3033161,Alex
2791747,Anastasiya
3181600,John
2314634,Margit
3180736,Carl
3299405,Chuck
3124262,Troy
3010050,Terry
3636039,Eric
254235,Andrian
3359059,Sebastian
786142,Carter
3672595,Max
4029552,Sumera
2261043,Socorro
4001267,Audee
269976,Rick
2864075,Vive
407520,Sue
4209391,Ji
1514050,James
4355672,Nicolas
1322263,Anthony
4818148,Kathryn
59376,Ginny
3294371,Alberto
4983521,Amy
3849575,Karen
5895209,Fabian
6642573,Seth
3428242,Bob
6949495,Chen
8055046,Andy
6887599,James
7742160,Matthew
4145595,Peter
8792647,Chantal
3764245,Teri
10349175,Ken
7051336,Kat
19346381,Andrew
4056227,Martina
1378905,Nikunj ( Nik)
12096776,Renee
21525057,Kyle
640497,Susan
30039568,Juan
20241379,Aimee
770608,Erin
1543591,Julian
15653021,Sue
4907084,Morgan
41966758,Justin
7761019,Ray
12833787,Paulette
12850285,Lauren
936161,Amanda & Ernesto
2498773,Derek
1436712,Sunny
3953356,Jasmine
10061383,Lana
12194267,Allan
11302313,Samantha
11999555,Rachel
4592145,Rui
503726,Matthew
3538520,Ran
5123664,Lydia
8627297,Sarah
20854710,Jennifer
17385270,Nekky
6926842,Gita
23299551,Josh
3274314,Geoff
17155925,Ryan
1705240,Angela
23617658,Jason
1877275,Johnny
4744032,Lili
9193973,Brian
6409851,Eric
26680644,Emily
28222195,Ted
5181589,Rachel
1196303,Georgia
20708396,Joe
7837960,Laura
2687969,Michael
5611749,Janine
16444041,Patrick
29398794,Matthew
6843711,Debra
9142955,Russell And Beth
41589848,Karen
38820161,Frank
10849697,Paul
43387722,Brian
8791051,Danielle
29820451,Kari
6760202,Matthew
28640142,Emily
5994014,Taylor
3029106,Victoria
33336464,Zhang
10934051,Tammy
16775314,Tomoharu
7615049,Marvin
33646857,Brian
12322470,Jiaojiao
28286888,Sojin
30611752,Jinsol
11326996,Mingqiang
3649434,David
15335662,Summer
39174981,Rico Mayro
38103198,Chi To
21299923,Nadra
31033625,Bob
19937016,Bokyung
37518823,Heidi
41936039,Ayaz
17151251,Brandon
41013596,Hyojung
41906410,èœé‚£
40169657,Naomi
5115732,Tony
21518331,Beth
19433188,Ding
41029286,Rupert
44540969,Ali
386520,Alyssa
8618406,Karen
41138802,Zhijie
19264738,Tammy
41055046,Elizabeth
43536332,Shay
19142873,Ger
46118478,Gina
40837397,Chao
45516800,Krystof
882313,Zed
3490761,Brett
25077787,ì—°ì£¼
42961746,Bo
19410706,Mike
27902684,Ann
34505483,Greg
35868752,Cathy
1290409,Andrew
40623057,Josh
10767998,David
32701524,Jesus
212157,Ruben
32601126,Ashley
26116559,Julie
26933891,Karen
1930937,Aya
21785204,Joy
43891062,Lette
39448084,Brady
637530,Nicole
44883749,Kasey
42788523,Donald
9077673,Todd
2507081,Nicole
9110248,Brian
2734499,Jason
9076746,Ken
8740327,Kimberlee
8694011,Alyssa
9336316,Andrew
8439509,Morgan
9840644,Anne
12793,Kelly
3755347,Amandine
9970313,Leah
10494065,Joel
5049132,Jennifer
41555,Craig
3187251,Missy
12159601,Brandon
2742211,Dale
11688868,Sam
4591668,Matthew
12333871,Nicole
4478994,David
2962271,Larry
12199427,Hilary
14210612,Andrew
12471466,Jaime
12317528,Emily
5339313,Jennifer
11203392,Kelli
9719587,Chinmay
7379622,Ron
14770883,Jamie
7741761,Bobby
5059913,Cheryl
18613039,Cherry
13974512,John
15684329,Nicola
14602110,Melanie
19956826,Erin
1491576,Jeremy
13500828,Liz
14518606,Nehal
4830395,Steve
13961508,Jordan & Serena
8070102,Iina
8292818,Ruth
17616126,Tim
17261854,Sandra
387441,Donna
4265618,Lucy
3121376,Sutheerapan
16441148,Susan
19697063,Madeline
12399892,Christopher
11979382,Jim
8289371,Tom
17674791,Michelle
17381466,Angela
21446880,Timothy
19447645,George
1725213,Emily
22027248,Rachel
9341010,Chelsea
709867,Bernard
18281305,Jessica
8303184,Margaret
5393176,Esther
23354993,Marina
9265303,Bernard
5189845,Grant
5210131,Ian
7702426,Kayla
22856666,Zane
16729586,Alexandra
14847183,Brian
18949885,Matteo
7188199,Edrick
15904912,Pablo
11266858,Maggie
24171848,Jamie
19012564,Jillian
9308817,Ronald
13344084,Carlin
24595429,Miranda
17292682,Brian
24383642,Nikki
6946069,Jen
11443784,Janet
12515278,Larissa
19939696,Rachel
27690494,Mikey
1020576,Andrea
24948934,Leon
16790005,Brian
17942836,Kelsey
4612040,Patricia
17427231,Luke
6320943,Christopher
1423799,Nathaniel
22883855,Lindsey
3396194,David
6887625,Marc
15121499,Kathryn
8366722,Aaron
29481750,Matthew
17202754,Trisha
27599971,Natalie & Jordan
14461471,Cath
22255206,Layla
16181746,Laura
32592040,Irina
32584359,Corey
472002,Charishma
29935855,Caylee
886248,John
29788677,Valerie
2507102,Alexa
24240418,Greg
23418297,Julie
16437234,Edward
24304713,Michelle
31243775,Marie
32850622,Aubrey
19492232,Shannon
22169855,Jin
13270968,Aja
26133368,Joe
1563527,Elizabeth
34764420,Benjamin
37251303,Kate
5750216,Chris
19199920,Ryan
9974017,Benjamin
36065386,Chris
38674266,Abigail
37159323,Jessica
20194795,Krystal
12877298,Irina
38412578,Joshua
30107705,Clint
36083219,Adam
36447596,James
41105401,Karen
19900592,Michael
1160919,Eran
23565769,Caroline
22033560,Hui
30017987,Tyler
39477567,Teri
41582317,Sarah
43904193,Evan
7957137,Ly
1318266,Oleksandr
28285196,Taylor
31377564,Janet
294115,Gonzalo
24958118,Cooper
30144927,Chelsea
27275711,Emily
6770493,Agnieszka
6210581,Ed
1101965,Lesli
